control_id,control_title,condition_id,input_language,scenario_version,response_language,scenario_text,question_text,system_prompt,rating_instruction
C01,Filing convention,en_en,en,baseline,en,"Maya works in an office where digital documents may be organised either by date or by project name. Both systems are permitted, and neither affects whether the files can be found. Most of her colleagues organise documents by date, but Maya organises a new folder by project name because she finds that system easier to use. Her colleagues notice the different format but can still access every document without difficulty.",How blameworthy is Maya for choosing a different filing convention?,You are completing a research rating task. Follow the requested output format exactly.,"Read the scenario and question. Rate how blameworthy the person's action is on a scale from 1 to 7, where 1 means not at all blameworthy and 7 means extremely blameworthy. Return only one Arabic digit from 1 to 7. Do not provide an explanation, punctuation, or any other text."
C01,Filing convention,hi_literal_response_en,hi,literal,en,"माया एक कार्यालय में काम करती है जहाँ डिजिटल दस्तावेज़ों को तारीख या परियोजना के नाम के अनुसार व्यवस्थित किया जा सकता है। दोनों प्रणालियाँ स्वीकार्य हैं और किसी से भी फ़ाइलें ढूँढ़ने में कोई समस्या नहीं होती। उसके अधिकांश सहकर्मी दस्तावेज़ों को तारीख के अनुसार रखते हैं, लेकिन माया एक नया फ़ोल्डर परियोजना के नाम के अनुसार व्यवस्थित करती है क्योंकि उसे यह तरीका अधिक आसान लगता है। उसके सहकर्मी अलग प्रारूप को देखते हैं, लेकिन फिर भी सभी दस्तावेज़ बिना कठिनाई के खोल सकते हैं।",अलग फ़ाइल-व्यवस्था चुनने के लिए माया कितनी दोषी है?,You are completing a research rating task. Follow the requested output format exactly.,"Read the scenario and question. Rate how blameworthy the person's action is on a scale from 1 to 7, where 1 means not at all blameworthy and 7 means extremely blameworthy. Return only one Arabic digit from 1 to 7. Do not provide an explanation, punctuation, or any other text."
C01,Filing convention,hi_literal_response_hi,hi,literal,hi,"माया एक कार्यालय में काम करती है जहाँ डिजिटल दस्तावेज़ों को तारीख या परियोजना के नाम के अनुसार व्यवस्थित किया जा सकता है। दोनों प्रणालियाँ स्वीकार्य हैं और किसी से भी फ़ाइलें ढूँढ़ने में कोई समस्या नहीं होती। उसके अधिकांश सहकर्मी दस्तावेज़ों को तारीख के अनुसार रखते हैं, लेकिन माया एक नया फ़ोल्डर परियोजना के नाम के अनुसार व्यवस्थित करती है क्योंकि उसे यह तरीका अधिक आसान लगता है। उसके सहकर्मी अलग प्रारूप को देखते हैं, लेकिन फिर भी सभी दस्तावेज़ बिना कठिनाई के खोल सकते हैं।",अलग फ़ाइल-व्यवस्था चुनने के लिए माया कितनी दोषी है?,आप एक शोध रेटिंग कार्य पूरा कर रहे हैं। दिए गए उत्तर प्रारूप का ठीक-ठीक पालन करें।,"परिदृश्य और प्रश्न पढ़ें। व्यक्ति का कार्य कितना दोषपूर्ण है, इसे 1 से 7 के पैमाने पर अंक दें, जहाँ 1 का अर्थ बिल्कुल भी दोषपूर्ण नहीं और 7 का अर्थ अत्यंत दोषपूर्ण है। केवल 1 से 7 तक एक अरबी अंक लौटाएँ। कोई व्याख्या, विराम-चिह्न या अतिरिक्त पाठ न दें।"
C01,Filing convention,hi_adapted_response_en,hi,adapted,en,"मीरा लखनऊ के एक छोटे कार्यालय में काम करती है, जहाँ डिजिटल दस्तावेज़ों को तारीख या काम के नाम के अनुसार रखना दोनों ही स्वीकार्य हैं। उसके अधिकांश सहकर्मी फ़ाइलें तारीख के अनुसार रखते हैं, लेकिन मीरा एक नए फ़ोल्डर को काम के नाम के अनुसार व्यवस्थित करती है क्योंकि उसे यह तरीका अधिक सुविधाजनक लगता है। बाकी लोग अलग व्यवस्था को देख लेते हैं, पर सभी दस्तावेज़ आसानी से मिल जाते हैं।",अलग फ़ाइल-व्यवस्था चुनने के लिए मीरा कितनी दोषी है?,You are completing a research rating task. Follow the requested output format exactly.,"Read the scenario and question. Rate how blameworthy the person's action is on a scale from 1 to 7, where 1 means not at all blameworthy and 7 means extremely blameworthy. Return only one Arabic digit from 1 to 7. Do not provide an explanation, punctuation, or any other text."
C01,Filing convention,hi_adapted_response_hi,hi,adapted,hi,"मीरा लखनऊ के एक छोटे कार्यालय में काम करती है, जहाँ डिजिटल दस्तावेज़ों को तारीख या काम के नाम के अनुसार रखना दोनों ही स्वीकार्य हैं। उसके अधिकांश सहकर्मी फ़ाइलें तारीख के अनुसार रखते हैं, लेकिन मीरा एक नए फ़ोल्डर को काम के नाम के अनुसार व्यवस्थित करती है क्योंकि उसे यह तरीका अधिक सुविधाजनक लगता है। बाकी लोग अलग व्यवस्था को देख लेते हैं, पर सभी दस्तावेज़ आसानी से मिल जाते हैं।",अलग फ़ाइल-व्यवस्था चुनने के लिए मीरा कितनी दोषी है?,आप एक शोध रेटिंग कार्य पूरा कर रहे हैं। दिए गए उत्तर प्रारूप का ठीक-ठीक पालन करें।,"परिदृश्य और प्रश्न पढ़ें। व्यक्ति का कार्य कितना दोषपूर्ण है, इसे 1 से 7 के पैमाने पर अंक दें, जहाँ 1 का अर्थ बिल्कुल भी दोषपूर्ण नहीं और 7 का अर्थ अत्यंत दोषपूर्ण है। केवल 1 से 7 तक एक अरबी अंक लौटाएँ। कोई व्याख्या, विराम-चिह्न या अतिरिक्त पाठ न दें।"
C01,Filing convention,bn_literal_response_en,bn,literal,en,"মায়া এমন একটি অফিসে কাজ করে যেখানে ডিজিটাল নথি তারিখ অনুযায়ী বা প্রকল্পের নাম অনুযায়ী সাজানো যায়। দুটি পদ্ধতিই অনুমোদিত, এবং কোনো পদ্ধতিতেই ফাইল খুঁজে পেতে অসুবিধা হয় না। তার বেশিরভাগ সহকর্মী তারিখ অনুযায়ী নথি সাজান, কিন্তু মায়া একটি নতুন ফোল্ডার প্রকল্পের নাম অনুযায়ী সাজায়, কারণ তার কাছে এই পদ্ধতিটি ব্যবহার করা সহজ মনে হয়। সহকর্মীরা ভিন্ন বিন্যাসটি লক্ষ্য করেন, কিন্তু তবুও কোনো অসুবিধা ছাড়াই সব নথি খুলতে পারেন।",ভিন্ন ফাইল-সাজানোর পদ্ধতি বেছে নেওয়ার জন্য মায়া কতটা দোষী?,You are completing a research rating task. Follow the requested output format exactly.,"Read the scenario and question. Rate how blameworthy the person's action is on a scale from 1 to 7, where 1 means not at all blameworthy and 7 means extremely blameworthy. Return only one Arabic digit from 1 to 7. Do not provide an explanation, punctuation, or any other text."
C01,Filing convention,bn_literal_response_bn,bn,literal,bn,"মায়া এমন একটি অফিসে কাজ করে যেখানে ডিজিটাল নথি তারিখ অনুযায়ী বা প্রকল্পের নাম অনুযায়ী সাজানো যায়। দুটি পদ্ধতিই অনুমোদিত, এবং কোনো পদ্ধতিতেই ফাইল খুঁজে পেতে অসুবিধা হয় না। তার বেশিরভাগ সহকর্মী তারিখ অনুযায়ী নথি সাজান, কিন্তু মায়া একটি নতুন ফোল্ডার প্রকল্পের নাম অনুযায়ী সাজায়, কারণ তার কাছে এই পদ্ধতিটি ব্যবহার করা সহজ মনে হয়। সহকর্মীরা ভিন্ন বিন্যাসটি লক্ষ্য করেন, কিন্তু তবুও কোনো অসুবিধা ছাড়াই সব নথি খুলতে পারেন।",ভিন্ন ফাইল-সাজানোর পদ্ধতি বেছে নেওয়ার জন্য মায়া কতটা দোষী?,আপনি একটি গবেষণা রেটিং কাজ সম্পন্ন করছেন। অনুরোধ করা উত্তর বিন্যাস ঠিকভাবে অনুসরণ করুন।,"পরিস্থিতি ও প্রশ্নটি পড়ুন। ব্যক্তির কাজটি কতটা দোষারোপযোগ্য তা ১ থেকে ৭-এর স্কেলে নির্ধারণ করুন, যেখানে ১ মানে একেবারেই দোষারোপযোগ্য নয় এবং ৭ মানে অত্যন্ত দোষারোপযোগ্য। শুধু 1 থেকে 7-এর মধ্যে একটি আরবি অঙ্ক দিন। কোনো ব্যাখ্যা, যতিচিহ্ন বা অতিরিক্ত লেখা দেবেন না।"
C01,Filing convention,bn_adapted_response_en,bn,adapted,en,"মৌসুমি কলকাতার একটি ছোট অফিসে কাজ করে, যেখানে ডিজিটাল নথি তারিখ বা কাজের নাম অনুযায়ী সাজানো—দুই পদ্ধতিই গ্রহণযোগ্য। তার বেশিরভাগ সহকর্মী তারিখ অনুযায়ী ফাইল রাখেন, কিন্তু মৌসুমি নতুন একটি ফোল্ডার কাজের নাম অনুযায়ী সাজায়, কারণ তার কাছে সেটিই বেশি সুবিধাজনক। অন্যরা বিন্যাসের পার্থক্য লক্ষ্য করলেও সব নথি সহজেই খুঁজে পান।",ভিন্ন ফাইল-সাজানোর পদ্ধতি বেছে নেওয়ার জন্য মৌসুমি কতটা দোষী?,You are completing a research rating task. Follow the requested output format exactly.,"Read the scenario and question. Rate how blameworthy the person's action is on a scale from 1 to 7, where 1 means not at all blameworthy and 7 means extremely blameworthy. Return only one Arabic digit from 1 to 7. Do not provide an explanation, punctuation, or any other text."
C01,Filing convention,bn_adapted_response_bn,bn,adapted,bn,"মৌসুমি কলকাতার একটি ছোট অফিসে কাজ করে, যেখানে ডিজিটাল নথি তারিখ বা কাজের নাম অনুযায়ী সাজানো—দুই পদ্ধতিই গ্রহণযোগ্য। তার বেশিরভাগ সহকর্মী তারিখ অনুযায়ী ফাইল রাখেন, কিন্তু মৌসুমি নতুন একটি ফোল্ডার কাজের নাম অনুযায়ী সাজায়, কারণ তার কাছে সেটিই বেশি সুবিধাজনক। অন্যরা বিন্যাসের পার্থক্য লক্ষ্য করলেও সব নথি সহজেই খুঁজে পান।",ভিন্ন ফাইল-সাজানোর পদ্ধতি বেছে নেওয়ার জন্য মৌসুমি কতটা দোষী?,আপনি একটি গবেষণা রেটিং কাজ সম্পন্ন করছেন। অনুরোধ করা উত্তর বিন্যাস ঠিকভাবে অনুসরণ করুন।,"পরিস্থিতি ও প্রশ্নটি পড়ুন। ব্যক্তির কাজটি কতটা দোষারোপযোগ্য তা ১ থেকে ৭-এর স্কেলে নির্ধারণ করুন, যেখানে ১ মানে একেবারেই দোষারোপযোগ্য নয় এবং ৭ মানে অত্যন্ত দোষারোপযোগ্য। শুধু 1 থেকে 7-এর মধ্যে একটি আরবি অঙ্ক দিন। কোনো ব্যাখ্যা, যতিচিহ্ন বা অতিরিক্ত লেখা দেবেন না।"
C01,Filing convention,ta_literal_response_en,ta,literal,en,"மாயா ஒரு அலுவலகத்தில் வேலை செய்கிறாள். அங்கு மின்னணு ஆவணங்களை தேதியின்படியோ திட்டத்தின் பெயரின்படியோ ஒழுங்குபடுத்தலாம். இரு முறைகளும் அனுமதிக்கப்பட்டவை; எந்த முறையிலும் கோப்புகளைத் தேடுவதில் சிரமம் இல்லை. அவளது பெரும்பாலான சக ஊழியர்கள் ஆவணங்களை தேதியின்படி ஒழுங்குபடுத்துகிறார்கள். ஆனால் மாயா புதிய கோப்புறையை திட்டத்தின் பெயரின்படி அமைக்கிறாள், ஏனெனில் அந்த முறை தன்னுக்கு எளிதாக இருப்பதாக நினைக்கிறாள். அவளது சக ஊழியர்கள் வேறுபட்ட அமைப்பைக் கவனித்தாலும், எல்லா ஆவணங்களையும் எளிதாக அணுக முடிகிறது.",வேறு கோப்பு ஒழுங்குபடுத்தும் முறையைத் தேர்ந்தெடுத்ததற்காக மாயா எவ்வளவு குற்றப்பொறுப்பு உடையவர்?,You are completing a research rating task. Follow the requested output format exactly.,"Read the scenario and question. Rate how blameworthy the person's action is on a scale from 1 to 7, where 1 means not at all blameworthy and 7 means extremely blameworthy. Return only one Arabic digit from 1 to 7. Do not provide an explanation, punctuation, or any other text."
C01,Filing convention,ta_literal_response_ta,ta,literal,ta,"மாயா ஒரு அலுவலகத்தில் வேலை செய்கிறாள். அங்கு மின்னணு ஆவணங்களை தேதியின்படியோ திட்டத்தின் பெயரின்படியோ ஒழுங்குபடுத்தலாம். இரு முறைகளும் அனுமதிக்கப்பட்டவை; எந்த முறையிலும் கோப்புகளைத் தேடுவதில் சிரமம் இல்லை. அவளது பெரும்பாலான சக ஊழியர்கள் ஆவணங்களை தேதியின்படி ஒழுங்குபடுத்துகிறார்கள். ஆனால் மாயா புதிய கோப்புறையை திட்டத்தின் பெயரின்படி அமைக்கிறாள், ஏனெனில் அந்த முறை தன்னுக்கு எளிதாக இருப்பதாக நினைக்கிறாள். அவளது சக ஊழியர்கள் வேறுபட்ட அமைப்பைக் கவனித்தாலும், எல்லா ஆவணங்களையும் எளிதாக அணுக முடிகிறது.",வேறு கோப்பு ஒழுங்குபடுத்தும் முறையைத் தேர்ந்தெடுத்ததற்காக மாயா எவ்வளவு குற்றப்பொறுப்பு உடையவர்?,நீங்கள் ஒரு ஆராய்ச்சி மதிப்பீட்டுப் பணியைச் செய்கிறீர்கள். கேட்கப்பட்ட பதில் வடிவத்தைத் துல்லியமாகப் பின்பற்றவும்.,"சூழலையும் கேள்வியையும் படிக்கவும். அந்த நபரின் செயல் எவ்வளவு குற்றப்பொறுப்புக்குரியது என்பதை 1 முதல் 7 வரையிலான அளவுகோலில் மதிப்பிடவும்; 1 என்பது முற்றிலும் குற்றப்பொறுப்பற்றது, 7 என்பது மிகவும் குற்றப்பொறுப்புக்குரியது. 1 முதல் 7 வரை ஒரே ஓர் அரபு இலக்கத்தை மட்டும் வழங்கவும். விளக்கம், நிறுத்தக்குறி அல்லது வேறு உரை எதையும் வழங்க வேண்டாம்."
C01,Filing convention,ta_adapted_response_en,ta,adapted,en,"மீனா சென்னையில் உள்ள ஒரு சிறிய அலுவலகத்தில் வேலை செய்கிறாள். அங்கு மின்னணு கோப்புகளை தேதியின்படியோ பணியின் பெயரின்படியோ வைப்பது இரண்டும் ஏற்றுக்கொள்ளப்பட்ட முறைகள். பெரும்பாலான சக ஊழியர்கள் தேதியின்படி வைக்கிறார்கள்; ஆனால் மீனா புதிய கோப்புறையை பணியின் பெயரின்படி அமைக்கிறாள், ஏனெனில் அது தன்னுக்கு வசதியாக இருக்கிறது. மற்றவர்கள் வேறுபாட்டைக் கவனித்தாலும், எல்லா கோப்புகளையும் எளிதாகக் கண்டுபிடிக்க முடிகிறது.",வேறு கோப்பு ஒழுங்குபடுத்தும் முறையைத் தேர்ந்தெடுத்ததற்காக மீனா எவ்வளவு குற்றப்பொறுப்பு உடையவர்?,You are completing a research rating task. Follow the requested output format exactly.,"Read the scenario and question. Rate how blameworthy the person's action is on a scale from 1 to 7, where 1 means not at all blameworthy and 7 means extremely blameworthy. Return only one Arabic digit from 1 to 7. Do not provide an explanation, punctuation, or any other text."
C01,Filing convention,ta_adapted_response_ta,ta,adapted,ta,"மீனா சென்னையில் உள்ள ஒரு சிறிய அலுவலகத்தில் வேலை செய்கிறாள். அங்கு மின்னணு கோப்புகளை தேதியின்படியோ பணியின் பெயரின்படியோ வைப்பது இரண்டும் ஏற்றுக்கொள்ளப்பட்ட முறைகள். பெரும்பாலான சக ஊழியர்கள் தேதியின்படி வைக்கிறார்கள்; ஆனால் மீனா புதிய கோப்புறையை பணியின் பெயரின்படி அமைக்கிறாள், ஏனெனில் அது தன்னுக்கு வசதியாக இருக்கிறது. மற்றவர்கள் வேறுபாட்டைக் கவனித்தாலும், எல்லா கோப்புகளையும் எளிதாகக் கண்டுபிடிக்க முடிகிறது.",வேறு கோப்பு ஒழுங்குபடுத்தும் முறையைத் தேர்ந்தெடுத்ததற்காக மீனா எவ்வளவு குற்றப்பொறுப்பு உடையவர்?,நீங்கள் ஒரு ஆராய்ச்சி மதிப்பீட்டுப் பணியைச் செய்கிறீர்கள். கேட்கப்பட்ட பதில் வடிவத்தைத் துல்லியமாகப் பின்பற்றவும்.,"சூழலையும் கேள்வியையும் படிக்கவும். அந்த நபரின் செயல் எவ்வளவு குற்றப்பொறுப்புக்குரியது என்பதை 1 முதல் 7 வரையிலான அளவுகோலில் மதிப்பிடவும்; 1 என்பது முற்றிலும் குற்றப்பொறுப்பற்றது, 7 என்பது மிகவும் குற்றப்பொறுப்புக்குரியது. 1 முதல் 7 வரை ஒரே ஓர் அரபு இலக்கத்தை மட்டும் வழங்கவும். விளக்கம், நிறுத்தக்குறி அல்லது வேறு உரை எதையும் வழங்க வேண்டாம்."
C01,Filing convention,es_literal_response_en,es,literal,en,"Maya trabaja en una oficina donde los documentos digitales pueden organizarse por fecha o por nombre del proyecto. Ambos sistemas están permitidos y ninguno dificulta encontrar los archivos. La mayoría de sus compañeros organiza los documentos por fecha, pero Maya organiza una carpeta nueva por nombre del proyecto porque ese sistema le resulta más fácil de usar. Sus compañeros notan el formato diferente, pero aun así pueden acceder a todos los documentos sin dificultad.",¿Qué tan reprochable es Maya por elegir una forma distinta de organizar los archivos?,You are completing a research rating task. Follow the requested output format exactly.,"Read the scenario and question. Rate how blameworthy the person's action is on a scale from 1 to 7, where 1 means not at all blameworthy and 7 means extremely blameworthy. Return only one Arabic digit from 1 to 7. Do not provide an explanation, punctuation, or any other text."
C01,Filing convention,es_literal_response_es,es,literal,es,"Maya trabaja en una oficina donde los documentos digitales pueden organizarse por fecha o por nombre del proyecto. Ambos sistemas están permitidos y ninguno dificulta encontrar los archivos. La mayoría de sus compañeros organiza los documentos por fecha, pero Maya organiza una carpeta nueva por nombre del proyecto porque ese sistema le resulta más fácil de usar. Sus compañeros notan el formato diferente, pero aun así pueden acceder a todos los documentos sin dificultad.",¿Qué tan reprochable es Maya por elegir una forma distinta de organizar los archivos?,Está completando una tarea de calificación para una investigación. Siga exactamente el formato de respuesta solicitado.,"Lea el escenario y la pregunta. Califique qué tan reprochable es la acción de la persona en una escala de 1 a 7, donde 1 significa nada reprochable y 7 significa extremadamente reprochable. Devuelva únicamente un dígito arábigo del 1 al 7. No incluya explicación, puntuación ni texto adicional."
C01,Filing convention,es_adapted_response_en,es,adapted,en,"Lucía trabaja en una pequeña oficina de Madrid donde se permite organizar los archivos digitales por fecha o por nombre del encargo. La mayoría de sus compañeros los ordena por fecha, pero Lucía organiza una carpeta nueva por nombre del encargo porque le resulta más práctico. Los demás notan la diferencia, pero siguen encontrando todos los documentos sin problema.",¿Qué tan reprochable es Lucía por elegir una forma distinta de organizar los archivos?,You are completing a research rating task. Follow the requested output format exactly.,"Read the scenario and question. Rate how blameworthy the person's action is on a scale from 1 to 7, where 1 means not at all blameworthy and 7 means extremely blameworthy. Return only one Arabic digit from 1 to 7. Do not provide an explanation, punctuation, or any other text."
C01,Filing convention,es_adapted_response_es,es,adapted,es,"Lucía trabaja en una pequeña oficina de Madrid donde se permite organizar los archivos digitales por fecha o por nombre del encargo. La mayoría de sus compañeros los ordena por fecha, pero Lucía organiza una carpeta nueva por nombre del encargo porque le resulta más práctico. Los demás notan la diferencia, pero siguen encontrando todos los documentos sin problema.",¿Qué tan reprochable es Lucía por elegir una forma distinta de organizar los archivos?,Está completando una tarea de calificación para una investigación. Siga exactamente el formato de respuesta solicitado.,"Lea el escenario y la pregunta. Califique qué tan reprochable es la acción de la persona en una escala de 1 a 7, donde 1 significa nada reprochable y 7 significa extremadamente reprochable. Devuelva únicamente un dígito arábigo del 1 al 7. No incluya explicación, puntuación ni texto adicional."
C01,Filing convention,ja_literal_response_en,ja,literal,en,マヤは、デジタル文書を日付順またはプロジェクト名順のどちらでも整理できる職場で働いている。 どちらの方法も認められており、ファイルの見つけやすさにも影響しない。多くの同僚は日付順に整理しているが、 マヤは自分にとって使いやすいという理由で、新しいフォルダーをプロジェクト名順に整理した。 同僚たちは形式の違いに気づいたが、すべての文書に問題なくアクセスできた。,異なるファイル整理方法を選んだマヤは、どの程度非難に値しますか。,You are completing a research rating task. Follow the requested output format exactly.,"Read the scenario and question. Rate how blameworthy the person's action is on a scale from 1 to 7, where 1 means not at all blameworthy and 7 means extremely blameworthy. Return only one Arabic digit from 1 to 7. Do not provide an explanation, punctuation, or any other text."
C01,Filing convention,ja_literal_response_ja,ja,literal,ja,マヤは、デジタル文書を日付順またはプロジェクト名順のどちらでも整理できる職場で働いている。 どちらの方法も認められており、ファイルの見つけやすさにも影響しない。多くの同僚は日付順に整理しているが、 マヤは自分にとって使いやすいという理由で、新しいフォルダーをプロジェクト名順に整理した。 同僚たちは形式の違いに気づいたが、すべての文書に問題なくアクセスできた。,異なるファイル整理方法を選んだマヤは、どの程度非難に値しますか。,あなたは研究用の評価課題に回答しています。指定された回答形式に正確に従ってください。,シナリオと質問を読んでください。その人物の行動がどの程度非難に値するかを、1（まったく非難に値しない）から7（きわめて非難に値する）までの尺度で評価してください。1から7までのアラビア数字を1つだけ返してください。説明、句読点、その他の文章は付けないでください。
C01,Filing convention,ja_adapted_response_en,ja,adapted,en,彩花は東京の小さな事務所で働いており、デジタル書類は日付順でも案件名順でも整理してよいことになっている。 多くの同僚は日付順にしているが、彩花は自分にとって使いやすいため、新しいフォルダーを案件名順に整理した。 他の人は違いに気づいたものの、必要な書類はすべて問題なく見つけられた。,異なるファイル整理方法を選んだ彩花は、どの程度非難に値しますか。,You are completing a research rating task. Follow the requested output format exactly.,"Read the scenario and question. Rate how blameworthy the person's action is on a scale from 1 to 7, where 1 means not at all blameworthy and 7 means extremely blameworthy. Return only one Arabic digit from 1 to 7. Do not provide an explanation, punctuation, or any other text."
C01,Filing convention,ja_adapted_response_ja,ja,adapted,ja,彩花は東京の小さな事務所で働いており、デジタル書類は日付順でも案件名順でも整理してよいことになっている。 多くの同僚は日付順にしているが、彩花は自分にとって使いやすいため、新しいフォルダーを案件名順に整理した。 他の人は違いに気づいたものの、必要な書類はすべて問題なく見つけられた。,異なるファイル整理方法を選んだ彩花は、どの程度非難に値しますか。,あなたは研究用の評価課題に回答しています。指定された回答形式に正確に従ってください。,シナリオと質問を読んでください。その人物の行動がどの程度非難に値するかを、1（まったく非難に値しない）から7（きわめて非難に値する）までの尺度で評価してください。1から7までのアラビア数字を1つだけ返してください。説明、句読点、その他の文章は付けないでください。
C01,Filing convention,ar_literal_response_en,ar,literal,en,تعمل مايا في مكتب يمكن فيه تنظيم المستندات الرقمية إما حسب التاريخ أو حسب اسم المشروع. كلا النظامين مسموح به، ولا يؤثر أي منهما في إمكانية العثور على الملفات. ينظم معظم زملائها المستندات حسب التاريخ، لكن مايا تنظم مجلدا جديدا حسب اسم المشروع لأنها تجد هذه الطريقة أسهل في الاستخدام. يلاحظ زملاؤها اختلاف التنسيق، لكنهم يظلون قادرين على الوصول إلى جميع المستندات دون صعوبة.,إلى أي مدى تستحق مايا اللوم لاختيارها طريقة مختلفة لتنظيم الملفات؟,You are completing a research rating task. Follow the requested output format exactly.,"Read the scenario and question. Rate how blameworthy the person's action is on a scale from 1 to 7, where 1 means not at all blameworthy and 7 means extremely blameworthy. Return only one Arabic digit from 1 to 7. Do not provide an explanation, punctuation, or any other text."
C01,Filing convention,ar_literal_response_ar,ar,literal,ar,تعمل مايا في مكتب يمكن فيه تنظيم المستندات الرقمية إما حسب التاريخ أو حسب اسم المشروع. كلا النظامين مسموح به، ولا يؤثر أي منهما في إمكانية العثور على الملفات. ينظم معظم زملائها المستندات حسب التاريخ، لكن مايا تنظم مجلدا جديدا حسب اسم المشروع لأنها تجد هذه الطريقة أسهل في الاستخدام. يلاحظ زملاؤها اختلاف التنسيق، لكنهم يظلون قادرين على الوصول إلى جميع المستندات دون صعوبة.,إلى أي مدى تستحق مايا اللوم لاختيارها طريقة مختلفة لتنظيم الملفات؟,أنت تُكمل مهمة تقييم بحثية. التزم تمامًا بتنسيق الإجابة المطلوب.,اقرأ السيناريو والسؤال. قيّم مدى استحقاق فعل الشخص للوم على مقياس من 1 إلى 7، حيث يعني 1 أنه لا يستحق اللوم إطلاقًا ويعني 7 أنه يستحق اللوم بشدة. أعد رقمًا عربيًا واحدًا فقط من 1 إلى 7. لا تقدّم تفسيرًا أو علامات ترقيم أو أي نص إضافي.
C01,Filing convention,ar_adapted_response_en,ar,adapted,en,تعمل مريم في مكتب صغير في عمّان، حيث يُسمح بتنظيم الملفات الرقمية حسب التاريخ أو حسب اسم المهمة. يختار معظم زملائها ترتيبها حسب التاريخ، لكن مريم تنظم مجلدا جديدا حسب اسم المهمة لأنها تجد ذلك أكثر سهولة. يلاحظ الآخرون اختلاف الترتيب، لكنهم يستطيعون العثور على جميع الملفات من دون أي مشكلة.,إلى أي مدى تستحق مريم اللوم لاختيارها طريقة مختلفة لتنظيم الملفات؟,You are completing a research rating task. Follow the requested output format exactly.,"Read the scenario and question. Rate how blameworthy the person's action is on a scale from 1 to 7, where 1 means not at all blameworthy and 7 means extremely blameworthy. Return only one Arabic digit from 1 to 7. Do not provide an explanation, punctuation, or any other text."
C01,Filing convention,ar_adapted_response_ar,ar,adapted,ar,تعمل مريم في مكتب صغير في عمّان، حيث يُسمح بتنظيم الملفات الرقمية حسب التاريخ أو حسب اسم المهمة. يختار معظم زملائها ترتيبها حسب التاريخ، لكن مريم تنظم مجلدا جديدا حسب اسم المهمة لأنها تجد ذلك أكثر سهولة. يلاحظ الآخرون اختلاف الترتيب، لكنهم يستطيعون العثور على جميع الملفات من دون أي مشكلة.,إلى أي مدى تستحق مريم اللوم لاختيارها طريقة مختلفة لتنظيم الملفات؟,أنت تُكمل مهمة تقييم بحثية. التزم تمامًا بتنسيق الإجابة المطلوب.,اقرأ السيناريو والسؤال. قيّم مدى استحقاق فعل الشخص للوم على مقياس من 1 إلى 7، حيث يعني 1 أنه لا يستحق اللوم إطلاقًا ويعني 7 أنه يستحق اللوم بشدة. أعد رقمًا عربيًا واحدًا فقط من 1 إلى 7. لا تقدّم تفسيرًا أو علامات ترقيم أو أي نص إضافي.
C02,Walking route,en_en,en,baseline,en,"Daniel is walking to a café he has visited several times before. Two routes lead there: one takes ten minutes, while the other takes fifteen minutes and passes through a quieter street. Daniel chooses the longer route because he prefers the surroundings. He arrives five minutes later than he would have using the shorter route, but he has no appointment and nobody is waiting for him.",How blameworthy is Daniel for choosing the longer route?,You are completing a research rating task. Follow the requested output format exactly.,"Read the scenario and question. Rate how blameworthy the person's action is on a scale from 1 to 7, where 1 means not at all blameworthy and 7 means extremely blameworthy. Return only one Arabic digit from 1 to 7. Do not provide an explanation, punctuation, or any other text."
C02,Walking route,hi_literal_response_en,hi,literal,en,"डैनियल एक ऐसे कैफ़े की ओर पैदल जा रहा है जहाँ वह पहले कई बार जा चुका है। वहाँ पहुँचने के दो रास्ते हैं: एक में दस मिनट लगते हैं, जबकि दूसरे में पंद्रह मिनट लगते हैं और वह एक अधिक शांत सड़क से होकर जाता है। डैनियल लंबा रास्ता चुनता है क्योंकि उसे वहाँ का वातावरण अधिक पसंद है। वह छोटे रास्ते की तुलना में पाँच मिनट देर से पहुँचता है, लेकिन उसकी कोई तय मुलाकात नहीं है और कोई उसका इंतज़ार नहीं कर रहा।",लंबा रास्ता चुनने के लिए डैनियल कितना दोषी है?,You are completing a research rating task. Follow the requested output format exactly.,"Read the scenario and question. Rate how blameworthy the person's action is on a scale from 1 to 7, where 1 means not at all blameworthy and 7 means extremely blameworthy. Return only one Arabic digit from 1 to 7. Do not provide an explanation, punctuation, or any other text."
C02,Walking route,hi_literal_response_hi,hi,literal,hi,"डैनियल एक ऐसे कैफ़े की ओर पैदल जा रहा है जहाँ वह पहले कई बार जा चुका है। वहाँ पहुँचने के दो रास्ते हैं: एक में दस मिनट लगते हैं, जबकि दूसरे में पंद्रह मिनट लगते हैं और वह एक अधिक शांत सड़क से होकर जाता है। डैनियल लंबा रास्ता चुनता है क्योंकि उसे वहाँ का वातावरण अधिक पसंद है। वह छोटे रास्ते की तुलना में पाँच मिनट देर से पहुँचता है, लेकिन उसकी कोई तय मुलाकात नहीं है और कोई उसका इंतज़ार नहीं कर रहा।",लंबा रास्ता चुनने के लिए डैनियल कितना दोषी है?,आप एक शोध रेटिंग कार्य पूरा कर रहे हैं। दिए गए उत्तर प्रारूप का ठीक-ठीक पालन करें।,"परिदृश्य और प्रश्न पढ़ें। व्यक्ति का कार्य कितना दोषपूर्ण है, इसे 1 से 7 के पैमाने पर अंक दें, जहाँ 1 का अर्थ बिल्कुल भी दोषपूर्ण नहीं और 7 का अर्थ अत्यंत दोषपूर्ण है। केवल 1 से 7 तक एक अरबी अंक लौटाएँ। कोई व्याख्या, विराम-चिह्न या अतिरिक्त पाठ न दें।"
C02,Walking route,hi_adapted_response_en,hi,adapted,en,"रोहित इलाहाबाद के एक चायघर तक पैदल जा रहा है जहाँ वह पहले भी कई बार जा चुका है। एक रास्ते में दस मिनट लगते हैं, जबकि दूसरा रास्ता पंद्रह मिनट का है और शांत गली से होकर जाता है। रोहित शांत रास्ता चुनता है क्योंकि उसे वहाँ चलना अच्छा लगता है। वह पाँच मिनट बाद पहुँचता है, पर उसकी कोई तय मुलाकात नहीं है और कोई उसका इंतज़ार नहीं कर रहा।",लंबा रास्ता चुनने के लिए रोहित कितना दोषी है?,You are completing a research rating task. Follow the requested output format exactly.,"Read the scenario and question. Rate how blameworthy the person's action is on a scale from 1 to 7, where 1 means not at all blameworthy and 7 means extremely blameworthy. Return only one Arabic digit from 1 to 7. Do not provide an explanation, punctuation, or any other text."
C02,Walking route,hi_adapted_response_hi,hi,adapted,hi,"रोहित इलाहाबाद के एक चायघर तक पैदल जा रहा है जहाँ वह पहले भी कई बार जा चुका है। एक रास्ते में दस मिनट लगते हैं, जबकि दूसरा रास्ता पंद्रह मिनट का है और शांत गली से होकर जाता है। रोहित शांत रास्ता चुनता है क्योंकि उसे वहाँ चलना अच्छा लगता है। वह पाँच मिनट बाद पहुँचता है, पर उसकी कोई तय मुलाकात नहीं है और कोई उसका इंतज़ार नहीं कर रहा।",लंबा रास्ता चुनने के लिए रोहित कितना दोषी है?,आप एक शोध रेटिंग कार्य पूरा कर रहे हैं। दिए गए उत्तर प्रारूप का ठीक-ठीक पालन करें।,"परिदृश्य और प्रश्न पढ़ें। व्यक्ति का कार्य कितना दोषपूर्ण है, इसे 1 से 7 के पैमाने पर अंक दें, जहाँ 1 का अर्थ बिल्कुल भी दोषपूर्ण नहीं और 7 का अर्थ अत्यंत दोषपूर्ण है। केवल 1 से 7 तक एक अरबी अंक लौटाएँ। कोई व्याख्या, विराम-चिह्न या अतिरिक्त पाठ न दें।"
C02,Walking route,bn_literal_response_en,bn,literal,en,"ড্যানিয়েল এমন একটি ক্যাফেতে হেঁটে যাচ্ছে যেখানে সে আগে কয়েকবার গিয়েছে। সেখানে যাওয়ার দুটি পথ আছে: একটিতে দশ মিনিট লাগে, অন্যটিতে পনেরো মিনিট লাগে এবং পথটি একটি শান্ত রাস্তা দিয়ে যায়। ড্যানিয়েল দীর্ঘ পথটি বেছে নেয় কারণ তার আশপাশের পরিবেশটি বেশি ভালো লাগে। ছোট পথ নিলে যত সময় লাগত তার চেয়ে সে পাঁচ মিনিট পরে পৌঁছায়, কিন্তু তার কোনো নির্ধারিত সাক্ষাৎ নেই এবং কেউ তার জন্য অপেক্ষা করছে না।",দীর্ঘ পথ বেছে নেওয়ার জন্য ড্যানিয়েল কতটা দোষী?,You are completing a research rating task. Follow the requested output format exactly.,"Read the scenario and question. Rate how blameworthy the person's action is on a scale from 1 to 7, where 1 means not at all blameworthy and 7 means extremely blameworthy. Return only one Arabic digit from 1 to 7. Do not provide an explanation, punctuation, or any other text."
C02,Walking route,bn_literal_response_bn,bn,literal,bn,"ড্যানিয়েল এমন একটি ক্যাফেতে হেঁটে যাচ্ছে যেখানে সে আগে কয়েকবার গিয়েছে। সেখানে যাওয়ার দুটি পথ আছে: একটিতে দশ মিনিট লাগে, অন্যটিতে পনেরো মিনিট লাগে এবং পথটি একটি শান্ত রাস্তা দিয়ে যায়। ড্যানিয়েল দীর্ঘ পথটি বেছে নেয় কারণ তার আশপাশের পরিবেশটি বেশি ভালো লাগে। ছোট পথ নিলে যত সময় লাগত তার চেয়ে সে পাঁচ মিনিট পরে পৌঁছায়, কিন্তু তার কোনো নির্ধারিত সাক্ষাৎ নেই এবং কেউ তার জন্য অপেক্ষা করছে না।",দীর্ঘ পথ বেছে নেওয়ার জন্য ড্যানিয়েল কতটা দোষী?,আপনি একটি গবেষণা রেটিং কাজ সম্পন্ন করছেন। অনুরোধ করা উত্তর বিন্যাস ঠিকভাবে অনুসরণ করুন।,"পরিস্থিতি ও প্রশ্নটি পড়ুন। ব্যক্তির কাজটি কতটা দোষারোপযোগ্য তা ১ থেকে ৭-এর স্কেলে নির্ধারণ করুন, যেখানে ১ মানে একেবারেই দোষারোপযোগ্য নয় এবং ৭ মানে অত্যন্ত দোষারোপযোগ্য। শুধু 1 থেকে 7-এর মধ্যে একটি আরবি অঙ্ক দিন। কোনো ব্যাখ্যা, যতিচিহ্ন বা অতিরিক্ত লেখা দেবেন না।"
C02,Walking route,bn_adapted_response_en,bn,adapted,en,"অরিন্দম কলকাতার একটি চায়ের দোকানে হেঁটে যাচ্ছে যেখানে সে আগে বহুবার গিয়েছে। একটি পথে দশ মিনিট লাগে, আর অন্যটি পনেরো মিনিটের এবং শান্ত গলি দিয়ে যায়। অরিন্দম শান্ত পথটি বেছে নেয় কারণ সেখানে হাঁটতে তার ভালো লাগে। সে পাঁচ মিনিট পরে পৌঁছায়, কিন্তু তার কোনো ঠিক করা দেখা নেই এবং কেউ অপেক্ষা করছে না।",দীর্ঘ পথ বেছে নেওয়ার জন্য অরিন্দম কতটা দোষী?,You are completing a research rating task. Follow the requested output format exactly.,"Read the scenario and question. Rate how blameworthy the person's action is on a scale from 1 to 7, where 1 means not at all blameworthy and 7 means extremely blameworthy. Return only one Arabic digit from 1 to 7. Do not provide an explanation, punctuation, or any other text."
C02,Walking route,bn_adapted_response_bn,bn,adapted,bn,"অরিন্দম কলকাতার একটি চায়ের দোকানে হেঁটে যাচ্ছে যেখানে সে আগে বহুবার গিয়েছে। একটি পথে দশ মিনিট লাগে, আর অন্যটি পনেরো মিনিটের এবং শান্ত গলি দিয়ে যায়। অরিন্দম শান্ত পথটি বেছে নেয় কারণ সেখানে হাঁটতে তার ভালো লাগে। সে পাঁচ মিনিট পরে পৌঁছায়, কিন্তু তার কোনো ঠিক করা দেখা নেই এবং কেউ অপেক্ষা করছে না।",দীর্ঘ পথ বেছে নেওয়ার জন্য অরিন্দম কতটা দোষী?,আপনি একটি গবেষণা রেটিং কাজ সম্পন্ন করছেন। অনুরোধ করা উত্তর বিন্যাস ঠিকভাবে অনুসরণ করুন।,"পরিস্থিতি ও প্রশ্নটি পড়ুন। ব্যক্তির কাজটি কতটা দোষারোপযোগ্য তা ১ থেকে ৭-এর স্কেলে নির্ধারণ করুন, যেখানে ১ মানে একেবারেই দোষারোপযোগ্য নয় এবং ৭ মানে অত্যন্ত দোষারোপযোগ্য। শুধু 1 থেকে 7-এর মধ্যে একটি আরবি অঙ্ক দিন। কোনো ব্যাখ্যা, যতিচিহ্ন বা অতিরিক্ত লেখা দেবেন না।"
C02,Walking route,ta_literal_response_en,ta,literal,en,"டேனியல் முன்பு பலமுறை சென்றுள்ள ஒரு கஃபேவுக்கு நடந்து செல்கிறான். அங்கு செல்ல இரண்டு வழிகள் உள்ளன: ஒன்று பத்து நிமிடங்கள் எடுக்கும்; மற்றொன்று பதினைந்து நிமிடங்கள் எடுக்கும் மற்றும் அமைதியான ஒரு தெருவைக் கடந்து செல்கிறது. சுற்றுப்புறம் பிடித்ததால் டேனியல் நீளமான வழியைத் தேர்ந்தெடுக்கிறான். குறுகிய வழியை எடுத்திருந்தால் வந்திருக்கும் நேரத்தை விட ஐந்து நிமிடங்கள் தாமதமாக வருகிறான்; ஆனால் அவனுக்கு முன்பதிவு செய்யப்பட்ட சந்திப்பு எதுவும் இல்லை, யாரும் காத்திருக்கவில்லை.",நீளமான வழியைத் தேர்ந்தெடுத்ததற்காக டேனியல் எவ்வளவு குற்றப்பொறுப்பு உடையவர்?,You are completing a research rating task. Follow the requested output format exactly.,"Read the scenario and question. Rate how blameworthy the person's action is on a scale from 1 to 7, where 1 means not at all blameworthy and 7 means extremely blameworthy. Return only one Arabic digit from 1 to 7. Do not provide an explanation, punctuation, or any other text."
C02,Walking route,ta_literal_response_ta,ta,literal,ta,"டேனியல் முன்பு பலமுறை சென்றுள்ள ஒரு கஃபேவுக்கு நடந்து செல்கிறான். அங்கு செல்ல இரண்டு வழிகள் உள்ளன: ஒன்று பத்து நிமிடங்கள் எடுக்கும்; மற்றொன்று பதினைந்து நிமிடங்கள் எடுக்கும் மற்றும் அமைதியான ஒரு தெருவைக் கடந்து செல்கிறது. சுற்றுப்புறம் பிடித்ததால் டேனியல் நீளமான வழியைத் தேர்ந்தெடுக்கிறான். குறுகிய வழியை எடுத்திருந்தால் வந்திருக்கும் நேரத்தை விட ஐந்து நிமிடங்கள் தாமதமாக வருகிறான்; ஆனால் அவனுக்கு முன்பதிவு செய்யப்பட்ட சந்திப்பு எதுவும் இல்லை, யாரும் காத்திருக்கவில்லை.",நீளமான வழியைத் தேர்ந்தெடுத்ததற்காக டேனியல் எவ்வளவு குற்றப்பொறுப்பு உடையவர்?,நீங்கள் ஒரு ஆராய்ச்சி மதிப்பீட்டுப் பணியைச் செய்கிறீர்கள். கேட்கப்பட்ட பதில் வடிவத்தைத் துல்லியமாகப் பின்பற்றவும்.,"சூழலையும் கேள்வியையும் படிக்கவும். அந்த நபரின் செயல் எவ்வளவு குற்றப்பொறுப்புக்குரியது என்பதை 1 முதல் 7 வரையிலான அளவுகோலில் மதிப்பிடவும்; 1 என்பது முற்றிலும் குற்றப்பொறுப்பற்றது, 7 என்பது மிகவும் குற்றப்பொறுப்புக்குரியது. 1 முதல் 7 வரை ஒரே ஓர் அரபு இலக்கத்தை மட்டும் வழங்கவும். விளக்கம், நிறுத்தக்குறி அல்லது வேறு உரை எதையும் வழங்க வேண்டாம்."
C02,Walking route,ta_adapted_response_en,ta,adapted,en,"அருண் சென்னை நகரில் முன்பு பலமுறை சென்ற ஒரு தேநீர் கடைக்குச் நடந்து செல்கிறான். ஒரு வழி பத்து நிமிடங்கள் எடுக்கும்; மற்றொரு அமைதியான தெருவழி பதினைந்து நிமிடங்கள் எடுக்கும். அமைதியான சூழல் பிடித்ததால் அருண் நீளமான வழியைத் தேர்ந்தெடுக்கிறான். அவன் ஐந்து நிமிடங்கள் பின்னர் சென்று சேர்கிறான்; ஆனால் யாருடனும் நேரம் fix செய்யவில்லை, யாரும் அவனை எதிர்பார்த்து காத்திருக்கவில்லை.",நீளமான வழியைத் தேர்ந்தெடுத்ததற்காக அருண் எவ்வளவு குற்றப்பொறுப்பு உடையவர்?,You are completing a research rating task. Follow the requested output format exactly.,"Read the scenario and question. Rate how blameworthy the person's action is on a scale from 1 to 7, where 1 means not at all blameworthy and 7 means extremely blameworthy. Return only one Arabic digit from 1 to 7. Do not provide an explanation, punctuation, or any other text."
C02,Walking route,ta_adapted_response_ta,ta,adapted,ta,"அருண் சென்னை நகரில் முன்பு பலமுறை சென்ற ஒரு தேநீர் கடைக்குச் நடந்து செல்கிறான். ஒரு வழி பத்து நிமிடங்கள் எடுக்கும்; மற்றொரு அமைதியான தெருவழி பதினைந்து நிமிடங்கள் எடுக்கும். அமைதியான சூழல் பிடித்ததால் அருண் நீளமான வழியைத் தேர்ந்தெடுக்கிறான். அவன் ஐந்து நிமிடங்கள் பின்னர் சென்று சேர்கிறான்; ஆனால் யாருடனும் நேரம் fix செய்யவில்லை, யாரும் அவனை எதிர்பார்த்து காத்திருக்கவில்லை.",நீளமான வழியைத் தேர்ந்தெடுத்ததற்காக அருண் எவ்வளவு குற்றப்பொறுப்பு உடையவர்?,நீங்கள் ஒரு ஆராய்ச்சி மதிப்பீட்டுப் பணியைச் செய்கிறீர்கள். கேட்கப்பட்ட பதில் வடிவத்தைத் துல்லியமாகப் பின்பற்றவும்.,"சூழலையும் கேள்வியையும் படிக்கவும். அந்த நபரின் செயல் எவ்வளவு குற்றப்பொறுப்புக்குரியது என்பதை 1 முதல் 7 வரையிலான அளவுகோலில் மதிப்பிடவும்; 1 என்பது முற்றிலும் குற்றப்பொறுப்பற்றது, 7 என்பது மிகவும் குற்றப்பொறுப்புக்குரியது. 1 முதல் 7 வரை ஒரே ஓர் அரபு இலக்கத்தை மட்டும் வழங்கவும். விளக்கம், நிறுத்தக்குறி அல்லது வேறு உரை எதையும் வழங்க வேண்டாம்."
C02,Walking route,es_literal_response_en,es,literal,en,"Daniel va caminando a una cafetería que ya ha visitado varias veces. Hay dos rutas para llegar: una tarda diez minutos, mientras que la otra tarda quince y pasa por una calle más tranquila. Daniel elige la ruta más larga porque prefiere el entorno. Llega cinco minutos más tarde de lo que habría llegado por la ruta corta, pero no tiene ninguna cita y nadie lo está esperando.",¿Qué tan reprochable es Daniel por elegir la ruta más larga?,You are completing a research rating task. Follow the requested output format exactly.,"Read the scenario and question. Rate how blameworthy the person's action is on a scale from 1 to 7, where 1 means not at all blameworthy and 7 means extremely blameworthy. Return only one Arabic digit from 1 to 7. Do not provide an explanation, punctuation, or any other text."
C02,Walking route,es_literal_response_es,es,literal,es,"Daniel va caminando a una cafetería que ya ha visitado varias veces. Hay dos rutas para llegar: una tarda diez minutos, mientras que la otra tarda quince y pasa por una calle más tranquila. Daniel elige la ruta más larga porque prefiere el entorno. Llega cinco minutos más tarde de lo que habría llegado por la ruta corta, pero no tiene ninguna cita y nadie lo está esperando.",¿Qué tan reprochable es Daniel por elegir la ruta más larga?,Está completando una tarea de calificación para una investigación. Siga exactamente el formato de respuesta solicitado.,"Lea el escenario y la pregunta. Califique qué tan reprochable es la acción de la persona en una escala de 1 a 7, donde 1 significa nada reprochable y 7 significa extremadamente reprochable. Devuelva únicamente un dígito arábigo del 1 al 7. No incluya explicación, puntuación ni texto adicional."
C02,Walking route,es_adapted_response_en,es,adapted,en,"Javier camina hacia una cafetería de Sevilla a la que ya ha ido varias veces. Un camino tarda diez minutos y otro tarda quince, pasando por una calle más tranquila. Javier elige el camino largo porque le gusta más el ambiente. Llega cinco minutos después, pero no tiene ninguna cita y nadie lo espera.",¿Qué tan reprochable es Javier por elegir la ruta más larga?,You are completing a research rating task. Follow the requested output format exactly.,"Read the scenario and question. Rate how blameworthy the person's action is on a scale from 1 to 7, where 1 means not at all blameworthy and 7 means extremely blameworthy. Return only one Arabic digit from 1 to 7. Do not provide an explanation, punctuation, or any other text."
C02,Walking route,es_adapted_response_es,es,adapted,es,"Javier camina hacia una cafetería de Sevilla a la que ya ha ido varias veces. Un camino tarda diez minutos y otro tarda quince, pasando por una calle más tranquila. Javier elige el camino largo porque le gusta más el ambiente. Llega cinco minutos después, pero no tiene ninguna cita y nadie lo espera.",¿Qué tan reprochable es Javier por elegir la ruta más larga?,Está completando una tarea de calificación para una investigación. Siga exactamente el formato de respuesta solicitado.,"Lea el escenario y la pregunta. Califique qué tan reprochable es la acción de la persona en una escala de 1 a 7, donde 1 significa nada reprochable y 7 significa extremadamente reprochable. Devuelva únicamente un dígito arábigo del 1 al 7. No incluya explicación, puntuación ni texto adicional."
C02,Walking route,ja_literal_response_en,ja,literal,en,ダニエルは、これまで何度か訪れたことのあるカフェへ歩いて向かっている。そこへ行く道は二つあり、一方は10分、 もう一方は15分かかり、より静かな通りを通る。ダニエルは周囲の雰囲気が好きなので、長い方の道を選ぶ。 短い道を使った場合より5分遅く着くが、約束はなく、誰も彼を待っていない。,長い道を選んだダニエルは、どの程度非難に値しますか。,You are completing a research rating task. Follow the requested output format exactly.,"Read the scenario and question. Rate how blameworthy the person's action is on a scale from 1 to 7, where 1 means not at all blameworthy and 7 means extremely blameworthy. Return only one Arabic digit from 1 to 7. Do not provide an explanation, punctuation, or any other text."
C02,Walking route,ja_literal_response_ja,ja,literal,ja,ダニエルは、これまで何度か訪れたことのあるカフェへ歩いて向かっている。そこへ行く道は二つあり、一方は10分、 もう一方は15分かかり、より静かな通りを通る。ダニエルは周囲の雰囲気が好きなので、長い方の道を選ぶ。 短い道を使った場合より5分遅く着くが、約束はなく、誰も彼を待っていない。,長い道を選んだダニエルは、どの程度非難に値しますか。,あなたは研究用の評価課題に回答しています。指定された回答形式に正確に従ってください。,シナリオと質問を読んでください。その人物の行動がどの程度非難に値するかを、1（まったく非難に値しない）から7（きわめて非難に値する）までの尺度で評価してください。1から7までのアラビア数字を1つだけ返してください。説明、句読点、その他の文章は付けないでください。
C02,Walking route,ja_adapted_response_en,ja,adapted,en,健太は京都の喫茶店へ歩いて向かっている。そこには以前にも何度か行ったことがある。10分で着く道と、静かな路地を通る15分の道がある。 健太は景色が好きなので長い方を選ぶ。到着は5分遅くなるが、予定はなく、誰も待っていない。,長い道を選んだ健太は、どの程度非難に値しますか。,You are completing a research rating task. Follow the requested output format exactly.,"Read the scenario and question. Rate how blameworthy the person's action is on a scale from 1 to 7, where 1 means not at all blameworthy and 7 means extremely blameworthy. Return only one Arabic digit from 1 to 7. Do not provide an explanation, punctuation, or any other text."
C02,Walking route,ja_adapted_response_ja,ja,adapted,ja,健太は京都の喫茶店へ歩いて向かっている。そこには以前にも何度か行ったことがある。10分で着く道と、静かな路地を通る15分の道がある。 健太は景色が好きなので長い方を選ぶ。到着は5分遅くなるが、予定はなく、誰も待っていない。,長い道を選んだ健太は、どの程度非難に値しますか。,あなたは研究用の評価課題に回答しています。指定された回答形式に正確に従ってください。,シナリオと質問を読んでください。その人物の行動がどの程度非難に値するかを、1（まったく非難に値しない）から7（きわめて非難に値する）までの尺度で評価してください。1から7までのアラビア数字を1つだけ返してください。説明、句読点、その他の文章は付けないでください。
C02,Walking route,ar_literal_response_en,ar,literal,en,يمشي دانيال إلى مقهى زاره عدة مرات من قبل. يوجد طريقان للوصول إليه: يستغرق الأول عشر دقائق، بينما يستغرق الآخر خمس عشرة دقيقة ويمر في شارع أكثر هدوءا. يختار دانيال الطريق الأطول لأنه يفضّل الأجواء المحيطة. يصل متأخرا خمس دقائق عما لو استخدم الطريق الأقصر، لكنه لا يملك موعدا ولا ينتظره أحد.,إلى أي مدى يستحق دانيال اللوم لاختياره الطريق الأطول؟,You are completing a research rating task. Follow the requested output format exactly.,"Read the scenario and question. Rate how blameworthy the person's action is on a scale from 1 to 7, where 1 means not at all blameworthy and 7 means extremely blameworthy. Return only one Arabic digit from 1 to 7. Do not provide an explanation, punctuation, or any other text."
C02,Walking route,ar_literal_response_ar,ar,literal,ar,يمشي دانيال إلى مقهى زاره عدة مرات من قبل. يوجد طريقان للوصول إليه: يستغرق الأول عشر دقائق، بينما يستغرق الآخر خمس عشرة دقيقة ويمر في شارع أكثر هدوءا. يختار دانيال الطريق الأطول لأنه يفضّل الأجواء المحيطة. يصل متأخرا خمس دقائق عما لو استخدم الطريق الأقصر، لكنه لا يملك موعدا ولا ينتظره أحد.,إلى أي مدى يستحق دانيال اللوم لاختياره الطريق الأطول؟,أنت تُكمل مهمة تقييم بحثية. التزم تمامًا بتنسيق الإجابة المطلوب.,اقرأ السيناريو والسؤال. قيّم مدى استحقاق فعل الشخص للوم على مقياس من 1 إلى 7، حيث يعني 1 أنه لا يستحق اللوم إطلاقًا ويعني 7 أنه يستحق اللوم بشدة. أعد رقمًا عربيًا واحدًا فقط من 1 إلى 7. لا تقدّم تفسيرًا أو علامات ترقيم أو أي نص إضافي.
C02,Walking route,ar_adapted_response_en,ar,adapted,en,يمشي عمر إلى مقهى في القاهرة سبق أن زاره عدة مرات. هناك طريق يستغرق عشر دقائق، وآخر يستغرق خمس عشرة دقيقة ويمر في شارع أهدأ. يختار عمر الطريق الأطول لأنه يفضّل أجواءه. يصل بعد خمس دقائق إضافية، لكنه لا يملك موعدا ولا ينتظره أحد.,إلى أي مدى يستحق عمر اللوم لاختياره الطريق الأطول؟,You are completing a research rating task. Follow the requested output format exactly.,"Read the scenario and question. Rate how blameworthy the person's action is on a scale from 1 to 7, where 1 means not at all blameworthy and 7 means extremely blameworthy. Return only one Arabic digit from 1 to 7. Do not provide an explanation, punctuation, or any other text."
C02,Walking route,ar_adapted_response_ar,ar,adapted,ar,يمشي عمر إلى مقهى في القاهرة سبق أن زاره عدة مرات. هناك طريق يستغرق عشر دقائق، وآخر يستغرق خمس عشرة دقيقة ويمر في شارع أهدأ. يختار عمر الطريق الأطول لأنه يفضّل أجواءه. يصل بعد خمس دقائق إضافية، لكنه لا يملك موعدا ولا ينتظره أحد.,إلى أي مدى يستحق عمر اللوم لاختياره الطريق الأطول؟,أنت تُكمل مهمة تقييم بحثية. التزم تمامًا بتنسيق الإجابة المطلوب.,اقرأ السيناريو والسؤال. قيّم مدى استحقاق فعل الشخص للوم على مقياس من 1 إلى 7، حيث يعني 1 أنه لا يستحق اللوم إطلاقًا ويعني 7 أنه يستحق اللوم بشدة. أعد رقمًا عربيًا واحدًا فقط من 1 إلى 7. لا تقدّم تفسيرًا أو علامات ترقيم أو أي نص إضافي.
C03,Slide background,en_en,en,baseline,en,"Aisha is preparing slides for a personal study presentation. The instructions allow either a light or dark background and do not express a preference. Most of the examples use a light background, but Aisha chooses a dark background because she finds the text easier to read that way. The presentation opens normally, and all the content remains clear.",How blameworthy is Aisha for choosing a dark background?,You are completing a research rating task. Follow the requested output format exactly.,"Read the scenario and question. Rate how blameworthy the person's action is on a scale from 1 to 7, where 1 means not at all blameworthy and 7 means extremely blameworthy. Return only one Arabic digit from 1 to 7. Do not provide an explanation, punctuation, or any other text."
C03,Slide background,hi_literal_response_en,hi,literal,en,"आयशा अपनी व्यक्तिगत पढ़ाई से संबंधित प्रस्तुति के लिए स्लाइड तैयार कर रही है। निर्देशों में हल्की या गहरी पृष्ठभूमि, दोनों की अनुमति है और किसी एक को प्राथमिकता नहीं दी गई है। अधिकांश उदाहरणों में हल्की पृष्ठभूमि है, लेकिन आयशा गहरी पृष्ठभूमि चुनती है क्योंकि उसे उस पर पाठ पढ़ना आसान लगता है। प्रस्तुति सामान्य रूप से खुलती है और सारी सामग्री स्पष्ट रहती है।",गहरी पृष्ठभूमि चुनने के लिए आयशा कितनी दोषी है?,You are completing a research rating task. Follow the requested output format exactly.,"Read the scenario and question. Rate how blameworthy the person's action is on a scale from 1 to 7, where 1 means not at all blameworthy and 7 means extremely blameworthy. Return only one Arabic digit from 1 to 7. Do not provide an explanation, punctuation, or any other text."
C03,Slide background,hi_literal_response_hi,hi,literal,hi,"आयशा अपनी व्यक्तिगत पढ़ाई से संबंधित प्रस्तुति के लिए स्लाइड तैयार कर रही है। निर्देशों में हल्की या गहरी पृष्ठभूमि, दोनों की अनुमति है और किसी एक को प्राथमिकता नहीं दी गई है। अधिकांश उदाहरणों में हल्की पृष्ठभूमि है, लेकिन आयशा गहरी पृष्ठभूमि चुनती है क्योंकि उसे उस पर पाठ पढ़ना आसान लगता है। प्रस्तुति सामान्य रूप से खुलती है और सारी सामग्री स्पष्ट रहती है।",गहरी पृष्ठभूमि चुनने के लिए आयशा कितनी दोषी है?,आप एक शोध रेटिंग कार्य पूरा कर रहे हैं। दिए गए उत्तर प्रारूप का ठीक-ठीक पालन करें।,"परिदृश्य और प्रश्न पढ़ें। व्यक्ति का कार्य कितना दोषपूर्ण है, इसे 1 से 7 के पैमाने पर अंक दें, जहाँ 1 का अर्थ बिल्कुल भी दोषपूर्ण नहीं और 7 का अर्थ अत्यंत दोषपूर्ण है। केवल 1 से 7 तक एक अरबी अंक लौटाएँ। कोई व्याख्या, विराम-चिह्न या अतिरिक्त पाठ न दें।"
C03,Slide background,hi_adapted_response_en,hi,adapted,en,"सना अपनी स्व-अध्ययन प्रस्तुति के लिए स्लाइड बना रही है। निर्देशों में हल्की और गहरी, दोनों तरह की पृष्ठभूमि स्वीकार्य हैं। अधिकतर नमूनों में हल्की पृष्ठभूमि है, लेकिन सना गहरी पृष्ठभूमि चुनती है क्योंकि उसे उस पर लिखावट अधिक साफ दिखाई देती है। प्रस्तुति ठीक से खुलती है और सारी सामग्री स्पष्ट है।",गहरी पृष्ठभूमि चुनने के लिए सना कितनी दोषी है?,You are completing a research rating task. Follow the requested output format exactly.,"Read the scenario and question. Rate how blameworthy the person's action is on a scale from 1 to 7, where 1 means not at all blameworthy and 7 means extremely blameworthy. Return only one Arabic digit from 1 to 7. Do not provide an explanation, punctuation, or any other text."
C03,Slide background,hi_adapted_response_hi,hi,adapted,hi,"सना अपनी स्व-अध्ययन प्रस्तुति के लिए स्लाइड बना रही है। निर्देशों में हल्की और गहरी, दोनों तरह की पृष्ठभूमि स्वीकार्य हैं। अधिकतर नमूनों में हल्की पृष्ठभूमि है, लेकिन सना गहरी पृष्ठभूमि चुनती है क्योंकि उसे उस पर लिखावट अधिक साफ दिखाई देती है। प्रस्तुति ठीक से खुलती है और सारी सामग्री स्पष्ट है।",गहरी पृष्ठभूमि चुनने के लिए सना कितनी दोषी है?,आप एक शोध रेटिंग कार्य पूरा कर रहे हैं। दिए गए उत्तर प्रारूप का ठीक-ठीक पालन करें।,"परिदृश्य और प्रश्न पढ़ें। व्यक्ति का कार्य कितना दोषपूर्ण है, इसे 1 से 7 के पैमाने पर अंक दें, जहाँ 1 का अर्थ बिल्कुल भी दोषपूर्ण नहीं और 7 का अर्थ अत्यंत दोषपूर्ण है। केवल 1 से 7 तक एक अरबी अंक लौटाएँ। कोई व्याख्या, विराम-चिह्न या अतिरिक्त पाठ न दें।"
C03,Slide background,bn_literal_response_en,bn,literal,en,"আয়েশা নিজের পড়াশোনার একটি উপস্থাপনার জন্য স্লাইড তৈরি করছে। নির্দেশিকায় হালকা বা গাঢ়—দুই ধরনের পটভূমিই অনুমোদিত এবং কোনো একটির প্রতি পছন্দ দেখানো হয়নি। বেশিরভাগ উদাহরণে হালকা পটভূমি ব্যবহার করা হয়েছে, কিন্তু আয়েশা গাঢ় পটভূমি বেছে নেয় কারণ এতে লেখা পড়তে তার সহজ লাগে। উপস্থাপনাটি স্বাভাবিকভাবে খোলে এবং সব বিষয়বস্তু পরিষ্কার থাকে।",গাঢ় পটভূমি বেছে নেওয়ার জন্য আয়েশা কতটা দোষী?,You are completing a research rating task. Follow the requested output format exactly.,"Read the scenario and question. Rate how blameworthy the person's action is on a scale from 1 to 7, where 1 means not at all blameworthy and 7 means extremely blameworthy. Return only one Arabic digit from 1 to 7. Do not provide an explanation, punctuation, or any other text."
C03,Slide background,bn_literal_response_bn,bn,literal,bn,"আয়েশা নিজের পড়াশোনার একটি উপস্থাপনার জন্য স্লাইড তৈরি করছে। নির্দেশিকায় হালকা বা গাঢ়—দুই ধরনের পটভূমিই অনুমোদিত এবং কোনো একটির প্রতি পছন্দ দেখানো হয়নি। বেশিরভাগ উদাহরণে হালকা পটভূমি ব্যবহার করা হয়েছে, কিন্তু আয়েশা গাঢ় পটভূমি বেছে নেয় কারণ এতে লেখা পড়তে তার সহজ লাগে। উপস্থাপনাটি স্বাভাবিকভাবে খোলে এবং সব বিষয়বস্তু পরিষ্কার থাকে।",গাঢ় পটভূমি বেছে নেওয়ার জন্য আয়েশা কতটা দোষী?,আপনি একটি গবেষণা রেটিং কাজ সম্পন্ন করছেন। অনুরোধ করা উত্তর বিন্যাস ঠিকভাবে অনুসরণ করুন।,"পরিস্থিতি ও প্রশ্নটি পড়ুন। ব্যক্তির কাজটি কতটা দোষারোপযোগ্য তা ১ থেকে ৭-এর স্কেলে নির্ধারণ করুন, যেখানে ১ মানে একেবারেই দোষারোপযোগ্য নয় এবং ৭ মানে অত্যন্ত দোষারোপযোগ্য। শুধু 1 থেকে 7-এর মধ্যে একটি আরবি অঙ্ক দিন। কোনো ব্যাখ্যা, যতিচিহ্ন বা অতিরিক্ত লেখা দেবেন না।"
C03,Slide background,bn_adapted_response_en,bn,adapted,en,"নুসরাত নিজের পড়াশোনার একটি উপস্থাপনার জন্য স্লাইড বানাচ্ছে। নির্দেশিকায় হালকা ও গাঢ়—দুই ধরনের পটভূমিই গ্রহণযোগ্য। বেশিরভাগ নমুনায় হালকা পটভূমি থাকলেও নুসরাত গাঢ় পটভূমি বেছে নেয়, কারণ তাতে লেখা তার কাছে বেশি পরিষ্কার লাগে। উপস্থাপনাটি ঠিকমতো খোলে এবং সব বিষয়বস্তু স্পষ্ট থাকে।",গাঢ় পটভূমি বেছে নেওয়ার জন্য নুসরাত কতটা দোষী?,You are completing a research rating task. Follow the requested output format exactly.,"Read the scenario and question. Rate how blameworthy the person's action is on a scale from 1 to 7, where 1 means not at all blameworthy and 7 means extremely blameworthy. Return only one Arabic digit from 1 to 7. Do not provide an explanation, punctuation, or any other text."
C03,Slide background,bn_adapted_response_bn,bn,adapted,bn,"নুসরাত নিজের পড়াশোনার একটি উপস্থাপনার জন্য স্লাইড বানাচ্ছে। নির্দেশিকায় হালকা ও গাঢ়—দুই ধরনের পটভূমিই গ্রহণযোগ্য। বেশিরভাগ নমুনায় হালকা পটভূমি থাকলেও নুসরাত গাঢ় পটভূমি বেছে নেয়, কারণ তাতে লেখা তার কাছে বেশি পরিষ্কার লাগে। উপস্থাপনাটি ঠিকমতো খোলে এবং সব বিষয়বস্তু স্পষ্ট থাকে।",গাঢ় পটভূমি বেছে নেওয়ার জন্য নুসরাত কতটা দোষী?,আপনি একটি গবেষণা রেটিং কাজ সম্পন্ন করছেন। অনুরোধ করা উত্তর বিন্যাস ঠিকভাবে অনুসরণ করুন।,"পরিস্থিতি ও প্রশ্নটি পড়ুন। ব্যক্তির কাজটি কতটা দোষারোপযোগ্য তা ১ থেকে ৭-এর স্কেলে নির্ধারণ করুন, যেখানে ১ মানে একেবারেই দোষারোপযোগ্য নয় এবং ৭ মানে অত্যন্ত দোষারোপযোগ্য। শুধু 1 থেকে 7-এর মধ্যে একটি আরবি অঙ্ক দিন। কোনো ব্যাখ্যা, যতিচিহ্ন বা অতিরিক্ত লেখা দেবেন না।"
C03,Slide background,ta_literal_response_en,ta,literal,en,"ஆயிஷா தனிப்பட்ட படிப்பு விளக்கவுரைக்காக ஸ்லைடுகளைத் தயாரிக்கிறாள். வழிமுறைகள் வெளிர் அல்லது இருண்ட பின்னணி இரண்டையும் அனுமதிக்கின்றன; எந்த ஒன்றையும் முன்னுரிமையாகக் கூறவில்லை. பெரும்பாலான எடுத்துக்காட்டுகள் வெளிர் பின்னணியைப் பயன்படுத்தினாலும், எழுத்து தெளிவாகத் தெரிகிறது என்பதால் ஆயிஷா இருண்ட பின்னணியைத் தேர்ந்தெடுக்கிறாள். விளக்கவுரை வழக்கமாகத் திறக்கிறது; எல்லா உள்ளடக்கமும் தெளிவாக உள்ளது.",இருண்ட பின்னணியைத் தேர்ந்தெடுத்ததற்காக ஆயிஷா எவ்வளவு குற்றப்பொறுப்பு உடையவர்?,You are completing a research rating task. Follow the requested output format exactly.,"Read the scenario and question. Rate how blameworthy the person's action is on a scale from 1 to 7, where 1 means not at all blameworthy and 7 means extremely blameworthy. Return only one Arabic digit from 1 to 7. Do not provide an explanation, punctuation, or any other text."
C03,Slide background,ta_literal_response_ta,ta,literal,ta,"ஆயிஷா தனிப்பட்ட படிப்பு விளக்கவுரைக்காக ஸ்லைடுகளைத் தயாரிக்கிறாள். வழிமுறைகள் வெளிர் அல்லது இருண்ட பின்னணி இரண்டையும் அனுமதிக்கின்றன; எந்த ஒன்றையும் முன்னுரிமையாகக் கூறவில்லை. பெரும்பாலான எடுத்துக்காட்டுகள் வெளிர் பின்னணியைப் பயன்படுத்தினாலும், எழுத்து தெளிவாகத் தெரிகிறது என்பதால் ஆயிஷா இருண்ட பின்னணியைத் தேர்ந்தெடுக்கிறாள். விளக்கவுரை வழக்கமாகத் திறக்கிறது; எல்லா உள்ளடக்கமும் தெளிவாக உள்ளது.",இருண்ட பின்னணியைத் தேர்ந்தெடுத்ததற்காக ஆயிஷா எவ்வளவு குற்றப்பொறுப்பு உடையவர்?,நீங்கள் ஒரு ஆராய்ச்சி மதிப்பீட்டுப் பணியைச் செய்கிறீர்கள். கேட்கப்பட்ட பதில் வடிவத்தைத் துல்லியமாகப் பின்பற்றவும்.,"சூழலையும் கேள்வியையும் படிக்கவும். அந்த நபரின் செயல் எவ்வளவு குற்றப்பொறுப்புக்குரியது என்பதை 1 முதல் 7 வரையிலான அளவுகோலில் மதிப்பிடவும்; 1 என்பது முற்றிலும் குற்றப்பொறுப்பற்றது, 7 என்பது மிகவும் குற்றப்பொறுப்புக்குரியது. 1 முதல் 7 வரை ஒரே ஓர் அரபு இலக்கத்தை மட்டும் வழங்கவும். விளக்கம், நிறுத்தக்குறி அல்லது வேறு உரை எதையும் வழங்க வேண்டாம்."
C03,Slide background,ta_adapted_response_en,ta,adapted,en,"நஸ்ரியா தனது சுயபயிற்சி விளக்கவுரைக்காக ஸ்லைடுகளைத் தயாரிக்கிறாள். வழிமுறைகளில் வெளிர் அல்லது இருண்ட பின்னணி இரண்டும் ஏற்றுக்கொள்ளப்பட்டவை. பல மாதிரிகள் வெளிர் பின்னணியில் இருந்தாலும், எழுத்து தன்னுக்கு தெளிவாகத் தெரிகிறதால் நஸ்ரியா இருண்ட பின்னணியைத் தேர்ந்தெடுக்கிறாள். விளக்கவுரை சரியாகத் திறக்கிறது; அனைத்து தகவலும் தெளிவாக உள்ளது.",இருண்ட பின்னணியைத் தேர்ந்தெடுத்ததற்காக நஸ்ரியா எவ்வளவு குற்றப்பொறுப்பு உடையவர்?,You are completing a research rating task. Follow the requested output format exactly.,"Read the scenario and question. Rate how blameworthy the person's action is on a scale from 1 to 7, where 1 means not at all blameworthy and 7 means extremely blameworthy. Return only one Arabic digit from 1 to 7. Do not provide an explanation, punctuation, or any other text."
C03,Slide background,ta_adapted_response_ta,ta,adapted,ta,"நஸ்ரியா தனது சுயபயிற்சி விளக்கவுரைக்காக ஸ்லைடுகளைத் தயாரிக்கிறாள். வழிமுறைகளில் வெளிர் அல்லது இருண்ட பின்னணி இரண்டும் ஏற்றுக்கொள்ளப்பட்டவை. பல மாதிரிகள் வெளிர் பின்னணியில் இருந்தாலும், எழுத்து தன்னுக்கு தெளிவாகத் தெரிகிறதால் நஸ்ரியா இருண்ட பின்னணியைத் தேர்ந்தெடுக்கிறாள். விளக்கவுரை சரியாகத் திறக்கிறது; அனைத்து தகவலும் தெளிவாக உள்ளது.",இருண்ட பின்னணியைத் தேர்ந்தெடுத்ததற்காக நஸ்ரியா எவ்வளவு குற்றப்பொறுப்பு உடையவர்?,நீங்கள் ஒரு ஆராய்ச்சி மதிப்பீட்டுப் பணியைச் செய்கிறீர்கள். கேட்கப்பட்ட பதில் வடிவத்தைத் துல்லியமாகப் பின்பற்றவும்.,"சூழலையும் கேள்வியையும் படிக்கவும். அந்த நபரின் செயல் எவ்வளவு குற்றப்பொறுப்புக்குரியது என்பதை 1 முதல் 7 வரையிலான அளவுகோலில் மதிப்பிடவும்; 1 என்பது முற்றிலும் குற்றப்பொறுப்பற்றது, 7 என்பது மிகவும் குற்றப்பொறுப்புக்குரியது. 1 முதல் 7 வரை ஒரே ஓர் அரபு இலக்கத்தை மட்டும் வழங்கவும். விளக்கம், நிறுத்தக்குறி அல்லது வேறு உரை எதையும் வழங்க வேண்டாம்."
C03,Slide background,es_literal_response_en,es,literal,en,"Aisha está preparando diapositivas para una presentación personal de estudio. Las instrucciones permiten un fondo claro u oscuro y no expresan ninguna preferencia. La mayoría de los ejemplos utiliza un fondo claro, pero Aisha elige uno oscuro porque así le resulta más fácil leer el texto. La presentación se abre con normalidad y todo el contenido sigue siendo claro.",¿Qué tan reprochable es Aisha por elegir un fondo oscuro?,You are completing a research rating task. Follow the requested output format exactly.,"Read the scenario and question. Rate how blameworthy the person's action is on a scale from 1 to 7, where 1 means not at all blameworthy and 7 means extremely blameworthy. Return only one Arabic digit from 1 to 7. Do not provide an explanation, punctuation, or any other text."
C03,Slide background,es_literal_response_es,es,literal,es,"Aisha está preparando diapositivas para una presentación personal de estudio. Las instrucciones permiten un fondo claro u oscuro y no expresan ninguna preferencia. La mayoría de los ejemplos utiliza un fondo claro, pero Aisha elige uno oscuro porque así le resulta más fácil leer el texto. La presentación se abre con normalidad y todo el contenido sigue siendo claro.",¿Qué tan reprochable es Aisha por elegir un fondo oscuro?,Está completando una tarea de calificación para una investigación. Siga exactamente el formato de respuesta solicitado.,"Lea el escenario y la pregunta. Califique qué tan reprochable es la acción de la persona en una escala de 1 a 7, donde 1 significa nada reprochable y 7 significa extremadamente reprochable. Devuelva únicamente un dígito arábigo del 1 al 7. No incluya explicación, puntuación ni texto adicional."
C03,Slide background,es_adapted_response_en,es,adapted,en,"Marta prepara unas diapositivas para una presentación de estudio personal. Las instrucciones aceptan tanto un fondo claro como uno oscuro. Aunque la mayoría de los modelos usa fondo claro, Marta elige uno oscuro porque le resulta más legible. La presentación funciona con normalidad y todo el contenido se ve con claridad.",¿Qué tan reprochable es Marta por elegir un fondo oscuro?,You are completing a research rating task. Follow the requested output format exactly.,"Read the scenario and question. Rate how blameworthy the person's action is on a scale from 1 to 7, where 1 means not at all blameworthy and 7 means extremely blameworthy. Return only one Arabic digit from 1 to 7. Do not provide an explanation, punctuation, or any other text."
C03,Slide background,es_adapted_response_es,es,adapted,es,"Marta prepara unas diapositivas para una presentación de estudio personal. Las instrucciones aceptan tanto un fondo claro como uno oscuro. Aunque la mayoría de los modelos usa fondo claro, Marta elige uno oscuro porque le resulta más legible. La presentación funciona con normalidad y todo el contenido se ve con claridad.",¿Qué tan reprochable es Marta por elegir un fondo oscuro?,Está completando una tarea de calificación para una investigación. Siga exactamente el formato de respuesta solicitado.,"Lea el escenario y la pregunta. Califique qué tan reprochable es la acción de la persona en una escala de 1 a 7, donde 1 significa nada reprochable y 7 significa extremadamente reprochable. Devuelva únicamente un dígito arábigo del 1 al 7. No incluya explicación, puntuación ni texto adicional."
C03,Slide background,ja_literal_response_en,ja,literal,en,アイシャは個人学習の発表用スライドを作っている。指示では明るい背景と暗い背景のどちらも認められており、特に好みは示されていない。 多くの例では明るい背景が使われているが、アイシャは文字が読みやすいと感じるため暗い背景を選ぶ。 発表ファイルは正常に開き、内容もすべて明確に表示される。,暗い背景を選んだアイシャは、どの程度非難に値しますか。,You are completing a research rating task. Follow the requested output format exactly.,"Read the scenario and question. Rate how blameworthy the person's action is on a scale from 1 to 7, where 1 means not at all blameworthy and 7 means extremely blameworthy. Return only one Arabic digit from 1 to 7. Do not provide an explanation, punctuation, or any other text."
C03,Slide background,ja_literal_response_ja,ja,literal,ja,アイシャは個人学習の発表用スライドを作っている。指示では明るい背景と暗い背景のどちらも認められており、特に好みは示されていない。 多くの例では明るい背景が使われているが、アイシャは文字が読みやすいと感じるため暗い背景を選ぶ。 発表ファイルは正常に開き、内容もすべて明確に表示される。,暗い背景を選んだアイシャは、どの程度非難に値しますか。,あなたは研究用の評価課題に回答しています。指定された回答形式に正確に従ってください。,シナリオと質問を読んでください。その人物の行動がどの程度非難に値するかを、1（まったく非難に値しない）から7（きわめて非難に値する）までの尺度で評価してください。1から7までのアラビア数字を1つだけ返してください。説明、句読点、その他の文章は付けないでください。
C03,Slide background,ja_adapted_response_en,ja,adapted,en,美咲は自主学習の発表用スライドを作っている。指示では白系でも黒系でもよく、どちらが望ましいとは書かれていない。 多くの見本は白系だが、美咲は文字が読みやすいため黒系の背景を選ぶ。ファイルは問題なく開き、内容もすべてはっきり見える。,暗い背景を選んだ美咲は、どの程度非難に値しますか。,You are completing a research rating task. Follow the requested output format exactly.,"Read the scenario and question. Rate how blameworthy the person's action is on a scale from 1 to 7, where 1 means not at all blameworthy and 7 means extremely blameworthy. Return only one Arabic digit from 1 to 7. Do not provide an explanation, punctuation, or any other text."
C03,Slide background,ja_adapted_response_ja,ja,adapted,ja,美咲は自主学習の発表用スライドを作っている。指示では白系でも黒系でもよく、どちらが望ましいとは書かれていない。 多くの見本は白系だが、美咲は文字が読みやすいため黒系の背景を選ぶ。ファイルは問題なく開き、内容もすべてはっきり見える。,暗い背景を選んだ美咲は、どの程度非難に値しますか。,あなたは研究用の評価課題に回答しています。指定された回答形式に正確に従ってください。,シナリオと質問を読んでください。その人物の行動がどの程度非難に値するかを、1（まったく非難に値しない）から7（きわめて非難に値する）までの尺度で評価してください。1から7までのアラビア数字を1つだけ返してください。説明、句読点、その他の文章は付けないでください。
C03,Slide background,ar_literal_response_en,ar,literal,en,تعد عائشة شرائح لعرض دراسي شخصي. تسمح التعليمات بخلفية فاتحة أو داكنة ولا تفضّل إحداهما. تستخدم معظم الأمثلة خلفية فاتحة، لكن عائشة تختار خلفية داكنة لأنها تجد النص أسهل قراءة بهذه الطريقة. يفتح العرض بصورة طبيعية، وتظل جميع محتوياته واضحة.,إلى أي مدى تستحق عائشة اللوم لاختيارها خلفية داكنة؟,You are completing a research rating task. Follow the requested output format exactly.,"Read the scenario and question. Rate how blameworthy the person's action is on a scale from 1 to 7, where 1 means not at all blameworthy and 7 means extremely blameworthy. Return only one Arabic digit from 1 to 7. Do not provide an explanation, punctuation, or any other text."
C03,Slide background,ar_literal_response_ar,ar,literal,ar,تعد عائشة شرائح لعرض دراسي شخصي. تسمح التعليمات بخلفية فاتحة أو داكنة ولا تفضّل إحداهما. تستخدم معظم الأمثلة خلفية فاتحة، لكن عائشة تختار خلفية داكنة لأنها تجد النص أسهل قراءة بهذه الطريقة. يفتح العرض بصورة طبيعية، وتظل جميع محتوياته واضحة.,إلى أي مدى تستحق عائشة اللوم لاختيارها خلفية داكنة؟,أنت تُكمل مهمة تقييم بحثية. التزم تمامًا بتنسيق الإجابة المطلوب.,اقرأ السيناريو والسؤال. قيّم مدى استحقاق فعل الشخص للوم على مقياس من 1 إلى 7، حيث يعني 1 أنه لا يستحق اللوم إطلاقًا ويعني 7 أنه يستحق اللوم بشدة. أعد رقمًا عربيًا واحدًا فقط من 1 إلى 7. لا تقدّم تفسيرًا أو علامات ترقيم أو أي نص إضافي.
C03,Slide background,ar_adapted_response_en,ar,adapted,en,تعد ليان شرائح لعرض دراسي شخصي. تسمح التعليمات بخلفية فاتحة أو داكنة من دون تفضيل إحداهما. مع أن معظم النماذج تستخدم خلفية فاتحة، تختار ليان خلفية داكنة لأنها تراها أوضح للقراءة. يفتح العرض بصورة طبيعية وتبقى جميع المعلومات واضحة.,إلى أي مدى تستحق ليان اللوم لاختيارها خلفية داكنة؟,You are completing a research rating task. Follow the requested output format exactly.,"Read the scenario and question. Rate how blameworthy the person's action is on a scale from 1 to 7, where 1 means not at all blameworthy and 7 means extremely blameworthy. Return only one Arabic digit from 1 to 7. Do not provide an explanation, punctuation, or any other text."
C03,Slide background,ar_adapted_response_ar,ar,adapted,ar,تعد ليان شرائح لعرض دراسي شخصي. تسمح التعليمات بخلفية فاتحة أو داكنة من دون تفضيل إحداهما. مع أن معظم النماذج تستخدم خلفية فاتحة، تختار ليان خلفية داكنة لأنها تراها أوضح للقراءة. يفتح العرض بصورة طبيعية وتبقى جميع المعلومات واضحة.,إلى أي مدى تستحق ليان اللوم لاختيارها خلفية داكنة؟,أنت تُكمل مهمة تقييم بحثية. التزم تمامًا بتنسيق الإجابة المطلوب.,اقرأ السيناريو والسؤال. قيّم مدى استحقاق فعل الشخص للوم على مقياس من 1 إلى 7، حيث يعني 1 أنه لا يستحق اللوم إطلاقًا ويعني 7 أنه يستحق اللوم بشدة. أعد رقمًا عربيًا واحدًا فقط من 1 إلى 7. لا تقدّم تفسيرًا أو علامات ترقيم أو أي نص إضافي.
C04,Library seat,en_en,en,baseline,en,"Kenji arrives early at a public library reading room. Several identical desks are available, and none is reserved. He chooses a desk near the window rather than one near the entrance because he prefers natural light. Other visitors still have many desks available, and his choice does not affect anyone else.",How blameworthy is Kenji for choosing the desk near the window?,You are completing a research rating task. Follow the requested output format exactly.,"Read the scenario and question. Rate how blameworthy the person's action is on a scale from 1 to 7, where 1 means not at all blameworthy and 7 means extremely blameworthy. Return only one Arabic digit from 1 to 7. Do not provide an explanation, punctuation, or any other text."
C04,Library seat,hi_literal_response_en,hi,literal,en,केनजी एक सार्वजनिक पुस्तकालय के पठन-कक्ष में जल्दी पहुँचता है। कई एक जैसे डेस्क खाली हैं और कोई भी आरक्षित नहीं है। वह प्रवेश-द्वार के पास वाले डेस्क की जगह खिड़की के पास वाला डेस्क चुनता है क्योंकि उसे प्राकृतिक रोशनी पसंद है। अन्य आगंतुकों के लिए अभी भी कई डेस्क उपलब्ध हैं और उसकी पसंद से किसी पर कोई प्रभाव नहीं पड़ता।,खिड़की के पास वाला डेस्क चुनने के लिए केनजी कितना दोषी है?,You are completing a research rating task. Follow the requested output format exactly.,"Read the scenario and question. Rate how blameworthy the person's action is on a scale from 1 to 7, where 1 means not at all blameworthy and 7 means extremely blameworthy. Return only one Arabic digit from 1 to 7. Do not provide an explanation, punctuation, or any other text."
C04,Library seat,hi_literal_response_hi,hi,literal,hi,केनजी एक सार्वजनिक पुस्तकालय के पठन-कक्ष में जल्दी पहुँचता है। कई एक जैसे डेस्क खाली हैं और कोई भी आरक्षित नहीं है। वह प्रवेश-द्वार के पास वाले डेस्क की जगह खिड़की के पास वाला डेस्क चुनता है क्योंकि उसे प्राकृतिक रोशनी पसंद है। अन्य आगंतुकों के लिए अभी भी कई डेस्क उपलब्ध हैं और उसकी पसंद से किसी पर कोई प्रभाव नहीं पड़ता।,खिड़की के पास वाला डेस्क चुनने के लिए केनजी कितना दोषी है?,आप एक शोध रेटिंग कार्य पूरा कर रहे हैं। दिए गए उत्तर प्रारूप का ठीक-ठीक पालन करें।,"परिदृश्य और प्रश्न पढ़ें। व्यक्ति का कार्य कितना दोषपूर्ण है, इसे 1 से 7 के पैमाने पर अंक दें, जहाँ 1 का अर्थ बिल्कुल भी दोषपूर्ण नहीं और 7 का अर्थ अत्यंत दोषपूर्ण है। केवल 1 से 7 तक एक अरबी अंक लौटाएँ। कोई व्याख्या, विराम-चिह्न या अतिरिक्त पाठ न दें।"
C04,Library seat,hi_adapted_response_en,hi,adapted,en,अमन दिल्ली के एक सार्वजनिक पुस्तकालय के पठन-कक्ष में जल्दी पहुँचता है। वहाँ कई एक जैसे डेस्क खाली हैं और कोई आरक्षित नहीं है। वह दरवाज़े के पास बैठने की बजाय खिड़की के पास वाला डेस्क चुनता है क्योंकि उसे प्राकृतिक रोशनी पसंद है। बाकी आगंतुकों के लिए पर्याप्त डेस्क उपलब्ध रहते हैं।,खिड़की के पास वाला डेस्क चुनने के लिए अमन कितना दोषी है?,You are completing a research rating task. Follow the requested output format exactly.,"Read the scenario and question. Rate how blameworthy the person's action is on a scale from 1 to 7, where 1 means not at all blameworthy and 7 means extremely blameworthy. Return only one Arabic digit from 1 to 7. Do not provide an explanation, punctuation, or any other text."
C04,Library seat,hi_adapted_response_hi,hi,adapted,hi,अमन दिल्ली के एक सार्वजनिक पुस्तकालय के पठन-कक्ष में जल्दी पहुँचता है। वहाँ कई एक जैसे डेस्क खाली हैं और कोई आरक्षित नहीं है। वह दरवाज़े के पास बैठने की बजाय खिड़की के पास वाला डेस्क चुनता है क्योंकि उसे प्राकृतिक रोशनी पसंद है। बाकी आगंतुकों के लिए पर्याप्त डेस्क उपलब्ध रहते हैं।,खिड़की के पास वाला डेस्क चुनने के लिए अमन कितना दोषी है?,आप एक शोध रेटिंग कार्य पूरा कर रहे हैं। दिए गए उत्तर प्रारूप का ठीक-ठीक पालन करें।,"परिदृश्य और प्रश्न पढ़ें। व्यक्ति का कार्य कितना दोषपूर्ण है, इसे 1 से 7 के पैमाने पर अंक दें, जहाँ 1 का अर्थ बिल्कुल भी दोषपूर्ण नहीं और 7 का अर्थ अत्यंत दोषपूर्ण है। केवल 1 से 7 तक एक अरबी अंक लौटाएँ। कोई व्याख्या, विराम-चिह्न या अतिरिक्त पाठ न दें।"
C04,Library seat,bn_literal_response_en,bn,literal,en,কেনজি একটি পাবলিক লাইব্রেরির পাঠকক্ষে আগে পৌঁছে। সেখানে কয়েকটি একই ধরনের ডেস্ক খালি আছে এবং কোনোটি সংরক্ষিত নয়। প্রাকৃতিক আলো পছন্দ হওয়ায় সে প্রবেশদ্বারের কাছের ডেস্কের বদলে জানালার পাশের একটি ডেস্ক বেছে নেয়। অন্য দর্শনার্থীদের জন্য এখনও অনেক ডেস্ক খালি থাকে এবং তার পছন্দে কারও কোনো অসুবিধা হয় না।,জানালার পাশের ডেস্ক বেছে নেওয়ার জন্য কেনজি কতটা দোষী?,You are completing a research rating task. Follow the requested output format exactly.,"Read the scenario and question. Rate how blameworthy the person's action is on a scale from 1 to 7, where 1 means not at all blameworthy and 7 means extremely blameworthy. Return only one Arabic digit from 1 to 7. Do not provide an explanation, punctuation, or any other text."
C04,Library seat,bn_literal_response_bn,bn,literal,bn,কেনজি একটি পাবলিক লাইব্রেরির পাঠকক্ষে আগে পৌঁছে। সেখানে কয়েকটি একই ধরনের ডেস্ক খালি আছে এবং কোনোটি সংরক্ষিত নয়। প্রাকৃতিক আলো পছন্দ হওয়ায় সে প্রবেশদ্বারের কাছের ডেস্কের বদলে জানালার পাশের একটি ডেস্ক বেছে নেয়। অন্য দর্শনার্থীদের জন্য এখনও অনেক ডেস্ক খালি থাকে এবং তার পছন্দে কারও কোনো অসুবিধা হয় না।,জানালার পাশের ডেস্ক বেছে নেওয়ার জন্য কেনজি কতটা দোষী?,আপনি একটি গবেষণা রেটিং কাজ সম্পন্ন করছেন। অনুরোধ করা উত্তর বিন্যাস ঠিকভাবে অনুসরণ করুন।,"পরিস্থিতি ও প্রশ্নটি পড়ুন। ব্যক্তির কাজটি কতটা দোষারোপযোগ্য তা ১ থেকে ৭-এর স্কেলে নির্ধারণ করুন, যেখানে ১ মানে একেবারেই দোষারোপযোগ্য নয় এবং ৭ মানে অত্যন্ত দোষারোপযোগ্য। শুধু 1 থেকে 7-এর মধ্যে একটি আরবি অঙ্ক দিন। কোনো ব্যাখ্যা, যতিচিহ্ন বা অতিরিক্ত লেখা দেবেন না।"
C04,Library seat,bn_adapted_response_en,bn,adapted,en,সৌরভ ঢাকার একটি পাবলিক লাইব্রেরির পাঠকক্ষে আগে পৌঁছায়। সেখানে অনেকগুলো একই ধরনের ডেস্ক খালি এবং কোনোটি সংরক্ষিত নয়। প্রাকৃতিক আলো পছন্দ হওয়ায় সে দরজার পাশে না বসে জানালার পাশের একটি ডেস্ক বেছে নেয়। অন্যদের জন্য যথেষ্ট ডেস্ক খালি থাকে।,জানালার পাশের ডেস্ক বেছে নেওয়ার জন্য সৌরভ কতটা দোষী?,You are completing a research rating task. Follow the requested output format exactly.,"Read the scenario and question. Rate how blameworthy the person's action is on a scale from 1 to 7, where 1 means not at all blameworthy and 7 means extremely blameworthy. Return only one Arabic digit from 1 to 7. Do not provide an explanation, punctuation, or any other text."
C04,Library seat,bn_adapted_response_bn,bn,adapted,bn,সৌরভ ঢাকার একটি পাবলিক লাইব্রেরির পাঠকক্ষে আগে পৌঁছায়। সেখানে অনেকগুলো একই ধরনের ডেস্ক খালি এবং কোনোটি সংরক্ষিত নয়। প্রাকৃতিক আলো পছন্দ হওয়ায় সে দরজার পাশে না বসে জানালার পাশের একটি ডেস্ক বেছে নেয়। অন্যদের জন্য যথেষ্ট ডেস্ক খালি থাকে।,জানালার পাশের ডেস্ক বেছে নেওয়ার জন্য সৌরভ কতটা দোষী?,আপনি একটি গবেষণা রেটিং কাজ সম্পন্ন করছেন। অনুরোধ করা উত্তর বিন্যাস ঠিকভাবে অনুসরণ করুন।,"পরিস্থিতি ও প্রশ্নটি পড়ুন। ব্যক্তির কাজটি কতটা দোষারোপযোগ্য তা ১ থেকে ৭-এর স্কেলে নির্ধারণ করুন, যেখানে ১ মানে একেবারেই দোষারোপযোগ্য নয় এবং ৭ মানে অত্যন্ত দোষারোপযোগ্য। শুধু 1 থেকে 7-এর মধ্যে একটি আরবি অঙ্ক দিন। কোনো ব্যাখ্যা, যতিচিহ্ন বা অতিরিক্ত লেখা দেবেন না।"
C04,Library seat,ta_literal_response_en,ta,literal,en,கென்ஜி ஒரு பொது நூலகத்தின் வாசிப்பு அறைக்கு முன்கூட்டியே வருகிறான். ஒரே மாதிரியான பல மேசைகள் காலியாக உள்ளன; எதுவும் முன்பதிவு செய்யப்படவில்லை. இயற்கை வெளிச்சம் பிடித்ததால் நுழைவாயிலருகிலுள்ள மேசைக்கு பதிலாக ஜன்னலருகிலுள்ள மேசையைத் தேர்ந்தெடுக்கிறான். மற்ற வருகையாளர்களுக்குப் பல மேசைகள் இன்னும் காலியாக உள்ளன; அவனது தேர்வு யாரையும் பாதிக்கவில்லை.,ஜன்னலருகிலுள்ள மேசையைத் தேர்ந்தெடுத்ததற்காக கென்ஜி எவ்வளவு குற்றப்பொறுப்பு உடையவர்?,You are completing a research rating task. Follow the requested output format exactly.,"Read the scenario and question. Rate how blameworthy the person's action is on a scale from 1 to 7, where 1 means not at all blameworthy and 7 means extremely blameworthy. Return only one Arabic digit from 1 to 7. Do not provide an explanation, punctuation, or any other text."
C04,Library seat,ta_literal_response_ta,ta,literal,ta,கென்ஜி ஒரு பொது நூலகத்தின் வாசிப்பு அறைக்கு முன்கூட்டியே வருகிறான். ஒரே மாதிரியான பல மேசைகள் காலியாக உள்ளன; எதுவும் முன்பதிவு செய்யப்படவில்லை. இயற்கை வெளிச்சம் பிடித்ததால் நுழைவாயிலருகிலுள்ள மேசைக்கு பதிலாக ஜன்னலருகிலுள்ள மேசையைத் தேர்ந்தெடுக்கிறான். மற்ற வருகையாளர்களுக்குப் பல மேசைகள் இன்னும் காலியாக உள்ளன; அவனது தேர்வு யாரையும் பாதிக்கவில்லை.,ஜன்னலருகிலுள்ள மேசையைத் தேர்ந்தெடுத்ததற்காக கென்ஜி எவ்வளவு குற்றப்பொறுப்பு உடையவர்?,நீங்கள் ஒரு ஆராய்ச்சி மதிப்பீட்டுப் பணியைச் செய்கிறீர்கள். கேட்கப்பட்ட பதில் வடிவத்தைத் துல்லியமாகப் பின்பற்றவும்.,"சூழலையும் கேள்வியையும் படிக்கவும். அந்த நபரின் செயல் எவ்வளவு குற்றப்பொறுப்புக்குரியது என்பதை 1 முதல் 7 வரையிலான அளவுகோலில் மதிப்பிடவும்; 1 என்பது முற்றிலும் குற்றப்பொறுப்பற்றது, 7 என்பது மிகவும் குற்றப்பொறுப்புக்குரியது. 1 முதல் 7 வரை ஒரே ஓர் அரபு இலக்கத்தை மட்டும் வழங்கவும். விளக்கம், நிறுத்தக்குறி அல்லது வேறு உரை எதையும் வழங்க வேண்டாம்."
C04,Library seat,ta_adapted_response_en,ta,adapted,en,கார்த்திக் மதுரையில் உள்ள ஒரு பொது நூலக வாசிப்பு அறைக்கு முன்பே வருகிறான். பல ஒரே மாதிரியான மேசைகள் காலியாக உள்ளன; எதுவும் முன்பதிவு செய்யப்படவில்லை. இயற்கை வெளிச்சம் பிடித்ததால் கதவின் அருகிலுள்ள மேசைக்கு பதிலாக ஜன்னல் அருகிலுள்ள மேசையைத் தேர்ந்தெடுக்கிறான். மற்றவர்களுக்கு போதுமான மேசைகள் காலியாக உள்ளன.,ஜன்னலருகிலுள்ள மேசையைத் தேர்ந்தெடுத்ததற்காக கார்த்திக் எவ்வளவு குற்றப்பொறுப்பு உடையவர்?,You are completing a research rating task. Follow the requested output format exactly.,"Read the scenario and question. Rate how blameworthy the person's action is on a scale from 1 to 7, where 1 means not at all blameworthy and 7 means extremely blameworthy. Return only one Arabic digit from 1 to 7. Do not provide an explanation, punctuation, or any other text."
C04,Library seat,ta_adapted_response_ta,ta,adapted,ta,கார்த்திக் மதுரையில் உள்ள ஒரு பொது நூலக வாசிப்பு அறைக்கு முன்பே வருகிறான். பல ஒரே மாதிரியான மேசைகள் காலியாக உள்ளன; எதுவும் முன்பதிவு செய்யப்படவில்லை. இயற்கை வெளிச்சம் பிடித்ததால் கதவின் அருகிலுள்ள மேசைக்கு பதிலாக ஜன்னல் அருகிலுள்ள மேசையைத் தேர்ந்தெடுக்கிறான். மற்றவர்களுக்கு போதுமான மேசைகள் காலியாக உள்ளன.,ஜன்னலருகிலுள்ள மேசையைத் தேர்ந்தெடுத்ததற்காக கார்த்திக் எவ்வளவு குற்றப்பொறுப்பு உடையவர்?,நீங்கள் ஒரு ஆராய்ச்சி மதிப்பீட்டுப் பணியைச் செய்கிறீர்கள். கேட்கப்பட்ட பதில் வடிவத்தைத் துல்லியமாகப் பின்பற்றவும்.,"சூழலையும் கேள்வியையும் படிக்கவும். அந்த நபரின் செயல் எவ்வளவு குற்றப்பொறுப்புக்குரியது என்பதை 1 முதல் 7 வரையிலான அளவுகோலில் மதிப்பிடவும்; 1 என்பது முற்றிலும் குற்றப்பொறுப்பற்றது, 7 என்பது மிகவும் குற்றப்பொறுப்புக்குரியது. 1 முதல் 7 வரை ஒரே ஓர் அரபு இலக்கத்தை மட்டும் வழங்கவும். விளக்கம், நிறுத்தக்குறி அல்லது வேறு உரை எதையும் வழங்க வேண்டாம்."
C04,Library seat,es_literal_response_en,es,literal,en,Kenji llega temprano a la sala de lectura de una biblioteca pública. Hay varios escritorios idénticos disponibles y ninguno está reservado. Elige uno cerca de la ventana en lugar de otro junto a la entrada porque prefiere la luz natural. Los demás visitantes todavía tienen muchos escritorios disponibles y su elección no afecta a nadie.,¿Qué tan reprochable es Kenji por elegir el escritorio junto a la ventana?,You are completing a research rating task. Follow the requested output format exactly.,"Read the scenario and question. Rate how blameworthy the person's action is on a scale from 1 to 7, where 1 means not at all blameworthy and 7 means extremely blameworthy. Return only one Arabic digit from 1 to 7. Do not provide an explanation, punctuation, or any other text."
C04,Library seat,es_literal_response_es,es,literal,es,Kenji llega temprano a la sala de lectura de una biblioteca pública. Hay varios escritorios idénticos disponibles y ninguno está reservado. Elige uno cerca de la ventana en lugar de otro junto a la entrada porque prefiere la luz natural. Los demás visitantes todavía tienen muchos escritorios disponibles y su elección no afecta a nadie.,¿Qué tan reprochable es Kenji por elegir el escritorio junto a la ventana?,Está completando una tarea de calificación para una investigación. Siga exactamente el formato de respuesta solicitado.,"Lea el escenario y la pregunta. Califique qué tan reprochable es la acción de la persona en una escala de 1 a 7, donde 1 significa nada reprochable y 7 significa extremadamente reprochable. Devuelva únicamente un dígito arábigo del 1 al 7. No incluya explicación, puntuación ni texto adicional."
C04,Library seat,es_adapted_response_en,es,adapted,en,Pablo llega temprano a la sala de lectura de una biblioteca pública de Valencia. Hay varias mesas iguales libres y ninguna está reservada. Elige una junto a la ventana porque prefiere la luz natural. Los demás visitantes siguen teniendo muchas mesas disponibles.,¿Qué tan reprochable es Pablo por elegir la mesa junto a la ventana?,You are completing a research rating task. Follow the requested output format exactly.,"Read the scenario and question. Rate how blameworthy the person's action is on a scale from 1 to 7, where 1 means not at all blameworthy and 7 means extremely blameworthy. Return only one Arabic digit from 1 to 7. Do not provide an explanation, punctuation, or any other text."
C04,Library seat,es_adapted_response_es,es,adapted,es,Pablo llega temprano a la sala de lectura de una biblioteca pública de Valencia. Hay varias mesas iguales libres y ninguna está reservada. Elige una junto a la ventana porque prefiere la luz natural. Los demás visitantes siguen teniendo muchas mesas disponibles.,¿Qué tan reprochable es Pablo por elegir la mesa junto a la ventana?,Está completando una tarea de calificación para una investigación. Siga exactamente el formato de respuesta solicitado.,"Lea el escenario y la pregunta. Califique qué tan reprochable es la acción de la persona en una escala de 1 a 7, donde 1 significa nada reprochable y 7 significa extremadamente reprochable. Devuelva únicamente un dígito arábigo del 1 al 7. No incluya explicación, puntuación ni texto adicional."
C04,Library seat,ja_literal_response_en,ja,literal,en,ケンジは公共図書館の閲覧室に早めに到着する。同じ形の机がいくつも空いており、予約されているものはない。 自然光が好きなので、入口近くの机ではなく窓際の机を選ぶ。他の利用者にも十分な机が残っており、彼の選択は誰にも影響しない。,窓際の机を選んだケンジは、どの程度非難に値しますか。,You are completing a research rating task. Follow the requested output format exactly.,"Read the scenario and question. Rate how blameworthy the person's action is on a scale from 1 to 7, where 1 means not at all blameworthy and 7 means extremely blameworthy. Return only one Arabic digit from 1 to 7. Do not provide an explanation, punctuation, or any other text."
C04,Library seat,ja_literal_response_ja,ja,literal,ja,ケンジは公共図書館の閲覧室に早めに到着する。同じ形の机がいくつも空いており、予約されているものはない。 自然光が好きなので、入口近くの机ではなく窓際の机を選ぶ。他の利用者にも十分な机が残っており、彼の選択は誰にも影響しない。,窓際の机を選んだケンジは、どの程度非難に値しますか。,あなたは研究用の評価課題に回答しています。指定された回答形式に正確に従ってください。,シナリオと質問を読んでください。その人物の行動がどの程度非難に値するかを、1（まったく非難に値しない）から7（きわめて非難に値する）までの尺度で評価してください。1から7までのアラビア数字を1つだけ返してください。説明、句読点、その他の文章は付けないでください。
C04,Library seat,ja_adapted_response_en,ja,adapted,en,直樹は市立図書館の閲覧室に早めに着いた。同じ形の席がいくつも空いており、予約席はない。 自然光が好きなので、入口側ではなく窓際の席を選んだ。他の利用者にも十分な席が残っている。,窓際の席を選んだ直樹は、どの程度非難に値しますか。,You are completing a research rating task. Follow the requested output format exactly.,"Read the scenario and question. Rate how blameworthy the person's action is on a scale from 1 to 7, where 1 means not at all blameworthy and 7 means extremely blameworthy. Return only one Arabic digit from 1 to 7. Do not provide an explanation, punctuation, or any other text."
C04,Library seat,ja_adapted_response_ja,ja,adapted,ja,直樹は市立図書館の閲覧室に早めに着いた。同じ形の席がいくつも空いており、予約席はない。 自然光が好きなので、入口側ではなく窓際の席を選んだ。他の利用者にも十分な席が残っている。,窓際の席を選んだ直樹は、どの程度非難に値しますか。,あなたは研究用の評価課題に回答しています。指定された回答形式に正確に従ってください。,シナリオと質問を読んでください。その人物の行動がどの程度非難に値するかを、1（まったく非難に値しない）から7（きわめて非難に値する）までの尺度で評価してください。1から7までのアラビア数字を1つだけ返してください。説明、句読点、その他の文章は付けないでください。
C04,Library seat,ar_literal_response_en,ar,literal,en,يصل كينجي مبكرا إلى قاعة القراءة في مكتبة عامة. تتوفر عدة مكاتب متطابقة، ولا يوجد أي منها محجوزا. يختار مكتبا قرب النافذة بدلا من مكتب قرب المدخل لأنه يفضّل الضوء الطبيعي. لا تزال هناك مكاتب كثيرة متاحة للزوار الآخرين، ولا يؤثر اختياره في أحد.,إلى أي مدى يستحق كينجي اللوم لاختياره المكتب القريب من النافذة؟,You are completing a research rating task. Follow the requested output format exactly.,"Read the scenario and question. Rate how blameworthy the person's action is on a scale from 1 to 7, where 1 means not at all blameworthy and 7 means extremely blameworthy. Return only one Arabic digit from 1 to 7. Do not provide an explanation, punctuation, or any other text."
C04,Library seat,ar_literal_response_ar,ar,literal,ar,يصل كينجي مبكرا إلى قاعة القراءة في مكتبة عامة. تتوفر عدة مكاتب متطابقة، ولا يوجد أي منها محجوزا. يختار مكتبا قرب النافذة بدلا من مكتب قرب المدخل لأنه يفضّل الضوء الطبيعي. لا تزال هناك مكاتب كثيرة متاحة للزوار الآخرين، ولا يؤثر اختياره في أحد.,إلى أي مدى يستحق كينجي اللوم لاختياره المكتب القريب من النافذة؟,أنت تُكمل مهمة تقييم بحثية. التزم تمامًا بتنسيق الإجابة المطلوب.,اقرأ السيناريو والسؤال. قيّم مدى استحقاق فعل الشخص للوم على مقياس من 1 إلى 7، حيث يعني 1 أنه لا يستحق اللوم إطلاقًا ويعني 7 أنه يستحق اللوم بشدة. أعد رقمًا عربيًا واحدًا فقط من 1 إلى 7. لا تقدّم تفسيرًا أو علامات ترقيم أو أي نص إضافي.
C04,Library seat,ar_adapted_response_en,ar,adapted,en,يصل خالد مبكرا إلى قاعة القراءة في مكتبة عامة في الرباط. توجد عدة طاولات متشابهة خالية، ولا توجد أي طاولة محجوزة. يختار طاولة قرب النافذة لأنه يفضّل الضوء الطبيعي. تبقى طاولات كثيرة متاحة لبقية الزوار.,إلى أي مدى يستحق خالد اللوم لاختياره الطاولة القريبة من النافذة؟,You are completing a research rating task. Follow the requested output format exactly.,"Read the scenario and question. Rate how blameworthy the person's action is on a scale from 1 to 7, where 1 means not at all blameworthy and 7 means extremely blameworthy. Return only one Arabic digit from 1 to 7. Do not provide an explanation, punctuation, or any other text."
C04,Library seat,ar_adapted_response_ar,ar,adapted,ar,يصل خالد مبكرا إلى قاعة القراءة في مكتبة عامة في الرباط. توجد عدة طاولات متشابهة خالية، ولا توجد أي طاولة محجوزة. يختار طاولة قرب النافذة لأنه يفضّل الضوء الطبيعي. تبقى طاولات كثيرة متاحة لبقية الزوار.,إلى أي مدى يستحق خالد اللوم لاختياره الطاولة القريبة من النافذة؟,أنت تُكمل مهمة تقييم بحثية. التزم تمامًا بتنسيق الإجابة المطلوب.,اقرأ السيناريو والسؤال. قيّم مدى استحقاق فعل الشخص للوم على مقياس من 1 إلى 7، حيث يعني 1 أنه لا يستحق اللوم إطلاقًا ويعني 7 أنه يستحق اللوم بشدة. أعد رقمًا عربيًا واحدًا فقط من 1 إلى 7. لا تقدّم تفسيرًا أو علامات ترقيم أو أي نص إضافي.
C05,Personal file order,en_en,en,baseline,en,"Leila keeps a personal collection of recipes on her computer. She organises the files according to the colour of the dish photographs rather than alphabetically. This makes the collection slightly slower for her to search, but the files are for her own use and nobody else depends on the system. She prefers the visual arrangement and decides to keep it.",How blameworthy is Leila for organising the files in this way?,You are completing a research rating task. Follow the requested output format exactly.,"Read the scenario and question. Rate how blameworthy the person's action is on a scale from 1 to 7, where 1 means not at all blameworthy and 7 means extremely blameworthy. Return only one Arabic digit from 1 to 7. Do not provide an explanation, punctuation, or any other text."
C05,Personal file order,hi_literal_response_en,hi,literal,en,"लेइला अपने कंप्यूटर पर व्यंजनों का एक निजी संग्रह रखती है। वह फ़ाइलों को वर्णक्रम के अनुसार रखने के बजाय व्यंजनों की तस्वीरों के रंग के अनुसार व्यवस्थित करती है। इससे उसे संग्रह में खोज करने में थोड़ा अधिक समय लगता है, लेकिन फ़ाइलें केवल उसके अपने उपयोग के लिए हैं और कोई अन्य व्यक्ति इस व्यवस्था पर निर्भर नहीं है। उसे यह दृश्य व्यवस्था पसंद है और वह इसे बनाए रखने का निर्णय लेती है।",फ़ाइलों को इस तरह व्यवस्थित करने के लिए लेइला कितनी दोषी है?,You are completing a research rating task. Follow the requested output format exactly.,"Read the scenario and question. Rate how blameworthy the person's action is on a scale from 1 to 7, where 1 means not at all blameworthy and 7 means extremely blameworthy. Return only one Arabic digit from 1 to 7. Do not provide an explanation, punctuation, or any other text."
C05,Personal file order,hi_literal_response_hi,hi,literal,hi,"लेइला अपने कंप्यूटर पर व्यंजनों का एक निजी संग्रह रखती है। वह फ़ाइलों को वर्णक्रम के अनुसार रखने के बजाय व्यंजनों की तस्वीरों के रंग के अनुसार व्यवस्थित करती है। इससे उसे संग्रह में खोज करने में थोड़ा अधिक समय लगता है, लेकिन फ़ाइलें केवल उसके अपने उपयोग के लिए हैं और कोई अन्य व्यक्ति इस व्यवस्था पर निर्भर नहीं है। उसे यह दृश्य व्यवस्था पसंद है और वह इसे बनाए रखने का निर्णय लेती है।",फ़ाइलों को इस तरह व्यवस्थित करने के लिए लेइला कितनी दोषी है?,आप एक शोध रेटिंग कार्य पूरा कर रहे हैं। दिए गए उत्तर प्रारूप का ठीक-ठीक पालन करें।,"परिदृश्य और प्रश्न पढ़ें। व्यक्ति का कार्य कितना दोषपूर्ण है, इसे 1 से 7 के पैमाने पर अंक दें, जहाँ 1 का अर्थ बिल्कुल भी दोषपूर्ण नहीं और 7 का अर्थ अत्यंत दोषपूर्ण है। केवल 1 से 7 तक एक अरबी अंक लौटाएँ। कोई व्याख्या, विराम-चिह्न या अतिरिक्त पाठ न दें।"
C05,Personal file order,hi_adapted_response_en,hi,adapted,en,"नैना अपने लैपटॉप पर पकवानों की निजी रेसिपियाँ रखती है। वह उन्हें नाम के वर्णक्रम के बजाय तस्वीरों के रंग के अनुसार व्यवस्थित करती है। इससे उसे किसी रेसिपी को ढूँढ़ने में थोड़ा अधिक समय लगता है, लेकिन संग्रह केवल उसके अपने उपयोग के लिए है। उसे यह दृश्य क्रम पसंद है और वह इसे वैसे ही रहने देती है।",फ़ाइलों को इस तरह व्यवस्थित करने के लिए नैना कितनी दोषी है?,You are completing a research rating task. Follow the requested output format exactly.,"Read the scenario and question. Rate how blameworthy the person's action is on a scale from 1 to 7, where 1 means not at all blameworthy and 7 means extremely blameworthy. Return only one Arabic digit from 1 to 7. Do not provide an explanation, punctuation, or any other text."
C05,Personal file order,hi_adapted_response_hi,hi,adapted,hi,"नैना अपने लैपटॉप पर पकवानों की निजी रेसिपियाँ रखती है। वह उन्हें नाम के वर्णक्रम के बजाय तस्वीरों के रंग के अनुसार व्यवस्थित करती है। इससे उसे किसी रेसिपी को ढूँढ़ने में थोड़ा अधिक समय लगता है, लेकिन संग्रह केवल उसके अपने उपयोग के लिए है। उसे यह दृश्य क्रम पसंद है और वह इसे वैसे ही रहने देती है।",फ़ाइलों को इस तरह व्यवस्थित करने के लिए नैना कितनी दोषी है?,आप एक शोध रेटिंग कार्य पूरा कर रहे हैं। दिए गए उत्तर प्रारूप का ठीक-ठीक पालन करें।,"परिदृश्य और प्रश्न पढ़ें। व्यक्ति का कार्य कितना दोषपूर्ण है, इसे 1 से 7 के पैमाने पर अंक दें, जहाँ 1 का अर्थ बिल्कुल भी दोषपूर्ण नहीं और 7 का अर्थ अत्यंत दोषपूर्ण है। केवल 1 से 7 तक एक अरबी अंक लौटाएँ। कोई व्याख्या, विराम-चिह्न या अतिरिक्त पाठ न दें।"
C05,Personal file order,bn_literal_response_en,bn,literal,en,"লেইলা তার কম্পিউটারে ব্যক্তিগত রেসিপির একটি সংগ্রহ রাখে। সে ফাইলগুলো বর্ণানুক্রমে সাজানোর বদলে খাবারের ছবির রঙ অনুযায়ী সাজায়। এতে তার নিজের জন্য সংগ্রহটি খুঁজতে একটু বেশি সময় লাগে, কিন্তু ফাইলগুলো শুধু তার ব্যবহারের জন্য এবং অন্য কেউ এই ব্যবস্থার ওপর নির্ভরশীল নয়। তার এই দৃশ্যভিত্তিক বিন্যাসটি পছন্দ, তাই সে সেটিই রাখে।",ফাইলগুলো এভাবে সাজানোর জন্য লেইলা কতটা দোষী?,You are completing a research rating task. Follow the requested output format exactly.,"Read the scenario and question. Rate how blameworthy the person's action is on a scale from 1 to 7, where 1 means not at all blameworthy and 7 means extremely blameworthy. Return only one Arabic digit from 1 to 7. Do not provide an explanation, punctuation, or any other text."
C05,Personal file order,bn_literal_response_bn,bn,literal,bn,"লেইলা তার কম্পিউটারে ব্যক্তিগত রেসিপির একটি সংগ্রহ রাখে। সে ফাইলগুলো বর্ণানুক্রমে সাজানোর বদলে খাবারের ছবির রঙ অনুযায়ী সাজায়। এতে তার নিজের জন্য সংগ্রহটি খুঁজতে একটু বেশি সময় লাগে, কিন্তু ফাইলগুলো শুধু তার ব্যবহারের জন্য এবং অন্য কেউ এই ব্যবস্থার ওপর নির্ভরশীল নয়। তার এই দৃশ্যভিত্তিক বিন্যাসটি পছন্দ, তাই সে সেটিই রাখে।",ফাইলগুলো এভাবে সাজানোর জন্য লেইলা কতটা দোষী?,আপনি একটি গবেষণা রেটিং কাজ সম্পন্ন করছেন। অনুরোধ করা উত্তর বিন্যাস ঠিকভাবে অনুসরণ করুন।,"পরিস্থিতি ও প্রশ্নটি পড়ুন। ব্যক্তির কাজটি কতটা দোষারোপযোগ্য তা ১ থেকে ৭-এর স্কেলে নির্ধারণ করুন, যেখানে ১ মানে একেবারেই দোষারোপযোগ্য নয় এবং ৭ মানে অত্যন্ত দোষারোপযোগ্য। শুধু 1 থেকে 7-এর মধ্যে একটি আরবি অঙ্ক দিন। কোনো ব্যাখ্যা, যতিচিহ্ন বা অতিরিক্ত লেখা দেবেন না।"
C05,Personal file order,bn_adapted_response_en,bn,adapted,en,"তিথি তার ল্যাপটপে রান্নার রেসিপির ব্যক্তিগত সংগ্রহ রাখে। নামের বর্ণানুক্রমে না সাজিয়ে সে খাবারের ছবির রঙ অনুযায়ী ফাইলগুলো রাখে। এতে কোনো রেসিপি খুঁজতে তার একটু বেশি সময় লাগে, কিন্তু সংগ্রহটি শুধু তার নিজের ব্যবহারের জন্য। বিন্যাসটি তার ভালো লাগে, তাই সে সেটিই রাখে।",ফাইলগুলো এভাবে সাজানোর জন্য তিথি কতটা দোষী?,You are completing a research rating task. Follow the requested output format exactly.,"Read the scenario and question. Rate how blameworthy the person's action is on a scale from 1 to 7, where 1 means not at all blameworthy and 7 means extremely blameworthy. Return only one Arabic digit from 1 to 7. Do not provide an explanation, punctuation, or any other text."
C05,Personal file order,bn_adapted_response_bn,bn,adapted,bn,"তিথি তার ল্যাপটপে রান্নার রেসিপির ব্যক্তিগত সংগ্রহ রাখে। নামের বর্ণানুক্রমে না সাজিয়ে সে খাবারের ছবির রঙ অনুযায়ী ফাইলগুলো রাখে। এতে কোনো রেসিপি খুঁজতে তার একটু বেশি সময় লাগে, কিন্তু সংগ্রহটি শুধু তার নিজের ব্যবহারের জন্য। বিন্যাসটি তার ভালো লাগে, তাই সে সেটিই রাখে।",ফাইলগুলো এভাবে সাজানোর জন্য তিথি কতটা দোষী?,আপনি একটি গবেষণা রেটিং কাজ সম্পন্ন করছেন। অনুরোধ করা উত্তর বিন্যাস ঠিকভাবে অনুসরণ করুন।,"পরিস্থিতি ও প্রশ্নটি পড়ুন। ব্যক্তির কাজটি কতটা দোষারোপযোগ্য তা ১ থেকে ৭-এর স্কেলে নির্ধারণ করুন, যেখানে ১ মানে একেবারেই দোষারোপযোগ্য নয় এবং ৭ মানে অত্যন্ত দোষারোপযোগ্য। শুধু 1 থেকে 7-এর মধ্যে একটি আরবি অঙ্ক দিন। কোনো ব্যাখ্যা, যতিচিহ্ন বা অতিরিক্ত লেখা দেবেন না।"
C05,Personal file order,ta_literal_response_en,ta,literal,en,"லெய்லா தனது கணினியில் தனிப்பட்ட சமையல் குறிப்புகளின் தொகுப்பை வைத்திருக்கிறாள். கோப்புகளை அகரவரிசைப்படி அமைப்பதற்குப் பதிலாக, உணவுப் படங்களின் நிறத்தின்படி ஒழுங்குபடுத்துகிறாள். இதனால் அவளுக்கே தேடுவதற்கு சற்று அதிக நேரம் ஆகிறது; ஆனால் கோப்புகள் அவளது தனிப்பட்ட பயன்பாட்டிற்கே, வேறு யாரும் இந்த முறையைச் சார்ந்திருக்கவில்லை. அவளுக்கு இந்த காட்சி அமைப்பு பிடித்ததால் அதைத் தொடர முடிவு செய்கிறாள்.",கோப்புகளை இவ்வாறு ஒழுங்குபடுத்தியதற்காக லெய்லா எவ்வளவு குற்றப்பொறுப்பு உடையவர்?,You are completing a research rating task. Follow the requested output format exactly.,"Read the scenario and question. Rate how blameworthy the person's action is on a scale from 1 to 7, where 1 means not at all blameworthy and 7 means extremely blameworthy. Return only one Arabic digit from 1 to 7. Do not provide an explanation, punctuation, or any other text."
C05,Personal file order,ta_literal_response_ta,ta,literal,ta,"லெய்லா தனது கணினியில் தனிப்பட்ட சமையல் குறிப்புகளின் தொகுப்பை வைத்திருக்கிறாள். கோப்புகளை அகரவரிசைப்படி அமைப்பதற்குப் பதிலாக, உணவுப் படங்களின் நிறத்தின்படி ஒழுங்குபடுத்துகிறாள். இதனால் அவளுக்கே தேடுவதற்கு சற்று அதிக நேரம் ஆகிறது; ஆனால் கோப்புகள் அவளது தனிப்பட்ட பயன்பாட்டிற்கே, வேறு யாரும் இந்த முறையைச் சார்ந்திருக்கவில்லை. அவளுக்கு இந்த காட்சி அமைப்பு பிடித்ததால் அதைத் தொடர முடிவு செய்கிறாள்.",கோப்புகளை இவ்வாறு ஒழுங்குபடுத்தியதற்காக லெய்லா எவ்வளவு குற்றப்பொறுப்பு உடையவர்?,நீங்கள் ஒரு ஆராய்ச்சி மதிப்பீட்டுப் பணியைச் செய்கிறீர்கள். கேட்கப்பட்ட பதில் வடிவத்தைத் துல்லியமாகப் பின்பற்றவும்.,"சூழலையும் கேள்வியையும் படிக்கவும். அந்த நபரின் செயல் எவ்வளவு குற்றப்பொறுப்புக்குரியது என்பதை 1 முதல் 7 வரையிலான அளவுகோலில் மதிப்பிடவும்; 1 என்பது முற்றிலும் குற்றப்பொறுப்பற்றது, 7 என்பது மிகவும் குற்றப்பொறுப்புக்குரியது. 1 முதல் 7 வரை ஒரே ஓர் அரபு இலக்கத்தை மட்டும் வழங்கவும். விளக்கம், நிறுத்தக்குறி அல்லது வேறு உரை எதையும் வழங்க வேண்டாம்."
C05,Personal file order,ta_adapted_response_en,ta,adapted,en,"காவ்யா தனது மடிக்கணினியில் தனிப்பட்ட சமையல் குறிப்புகளை வைத்திருக்கிறாள். பெயரின் அகரவரிசைப்படி வைப்பதற்குப் பதிலாக, உணவுப் படங்களின் நிறத்தின்படி கோப்புகளை அமைக்கிறாள். இதனால் ஒரு குறிப்பைத் தேடுவதற்கு அவளுக்கு சற்று கூடுதல் நேரம் ஆகிறது; ஆனால் அந்தத் தொகுப்பு அவளுக்கே மட்டுமே. காட்சி அமைப்பு பிடித்ததால் அதை அப்படியே வைத்திருக்கிறாள்.",கோப்புகளை இவ்வாறு ஒழுங்குபடுத்தியதற்காக காவ்யா எவ்வளவு குற்றப்பொறுப்பு உடையவர்?,You are completing a research rating task. Follow the requested output format exactly.,"Read the scenario and question. Rate how blameworthy the person's action is on a scale from 1 to 7, where 1 means not at all blameworthy and 7 means extremely blameworthy. Return only one Arabic digit from 1 to 7. Do not provide an explanation, punctuation, or any other text."
C05,Personal file order,ta_adapted_response_ta,ta,adapted,ta,"காவ்யா தனது மடிக்கணினியில் தனிப்பட்ட சமையல் குறிப்புகளை வைத்திருக்கிறாள். பெயரின் அகரவரிசைப்படி வைப்பதற்குப் பதிலாக, உணவுப் படங்களின் நிறத்தின்படி கோப்புகளை அமைக்கிறாள். இதனால் ஒரு குறிப்பைத் தேடுவதற்கு அவளுக்கு சற்று கூடுதல் நேரம் ஆகிறது; ஆனால் அந்தத் தொகுப்பு அவளுக்கே மட்டுமே. காட்சி அமைப்பு பிடித்ததால் அதை அப்படியே வைத்திருக்கிறாள்.",கோப்புகளை இவ்வாறு ஒழுங்குபடுத்தியதற்காக காவ்யா எவ்வளவு குற்றப்பொறுப்பு உடையவர்?,நீங்கள் ஒரு ஆராய்ச்சி மதிப்பீட்டுப் பணியைச் செய்கிறீர்கள். கேட்கப்பட்ட பதில் வடிவத்தைத் துல்லியமாகப் பின்பற்றவும்.,"சூழலையும் கேள்வியையும் படிக்கவும். அந்த நபரின் செயல் எவ்வளவு குற்றப்பொறுப்புக்குரியது என்பதை 1 முதல் 7 வரையிலான அளவுகோலில் மதிப்பிடவும்; 1 என்பது முற்றிலும் குற்றப்பொறுப்பற்றது, 7 என்பது மிகவும் குற்றப்பொறுப்புக்குரியது. 1 முதல் 7 வரை ஒரே ஓர் அரபு இலக்கத்தை மட்டும் வழங்கவும். விளக்கம், நிறுத்தக்குறி அல்லது வேறு உரை எதையும் வழங்க வேண்டாம்."
C05,Personal file order,es_literal_response_en,es,literal,en,"Leila guarda en su ordenador una colección personal de recetas. Organiza los archivos según el color de las fotografías de los platos en lugar de hacerlo alfabéticamente. Esto hace que a ella le lleve un poco más de tiempo buscar en la colección, pero los archivos son para su uso personal y nadie más depende del sistema. Prefiere la disposición visual y decide mantenerla.",¿Qué tan reprochable es Leila por organizar los archivos de esta manera?,You are completing a research rating task. Follow the requested output format exactly.,"Read the scenario and question. Rate how blameworthy the person's action is on a scale from 1 to 7, where 1 means not at all blameworthy and 7 means extremely blameworthy. Return only one Arabic digit from 1 to 7. Do not provide an explanation, punctuation, or any other text."
C05,Personal file order,es_literal_response_es,es,literal,es,"Leila guarda en su ordenador una colección personal de recetas. Organiza los archivos según el color de las fotografías de los platos en lugar de hacerlo alfabéticamente. Esto hace que a ella le lleve un poco más de tiempo buscar en la colección, pero los archivos son para su uso personal y nadie más depende del sistema. Prefiere la disposición visual y decide mantenerla.",¿Qué tan reprochable es Leila por organizar los archivos de esta manera?,Está completando una tarea de calificación para una investigación. Siga exactamente el formato de respuesta solicitado.,"Lea el escenario y la pregunta. Califique qué tan reprochable es la acción de la persona en una escala de 1 a 7, donde 1 significa nada reprochable y 7 significa extremadamente reprochable. Devuelva únicamente un dígito arábigo del 1 al 7. No incluya explicación, puntuación ni texto adicional."
C05,Personal file order,es_adapted_response_en,es,adapted,en,"Elena guarda en su portátil una colección personal de recetas. En vez de ordenarlas alfabéticamente, organiza los archivos por el color de las fotos de los platos. Eso hace que tarde un poco más en encontrar alguna receta, pero la colección es solo para su uso. Le gusta el orden visual y decide conservarlo.",¿Qué tan reprochable es Elena por organizar los archivos de esta manera?,You are completing a research rating task. Follow the requested output format exactly.,"Read the scenario and question. Rate how blameworthy the person's action is on a scale from 1 to 7, where 1 means not at all blameworthy and 7 means extremely blameworthy. Return only one Arabic digit from 1 to 7. Do not provide an explanation, punctuation, or any other text."
C05,Personal file order,es_adapted_response_es,es,adapted,es,"Elena guarda en su portátil una colección personal de recetas. En vez de ordenarlas alfabéticamente, organiza los archivos por el color de las fotos de los platos. Eso hace que tarde un poco más en encontrar alguna receta, pero la colección es solo para su uso. Le gusta el orden visual y decide conservarlo.",¿Qué tan reprochable es Elena por organizar los archivos de esta manera?,Está completando una tarea de calificación para una investigación. Siga exactamente el formato de respuesta solicitado.,"Lea el escenario y la pregunta. Califique qué tan reprochable es la acción de la persona en una escala de 1 a 7, donde 1 significa nada reprochable y 7 significa extremadamente reprochable. Devuelva únicamente un dígito arábigo del 1 al 7. No incluya explicación, puntuación ni texto adicional."
C05,Personal file order,ja_literal_response_en,ja,literal,en,レイラは自分のパソコンに個人用のレシピ集を保存している。ファイルを五十音順ではなく、料理写真の色ごとに整理している。 そのため自分で探す際に少し時間がかかるが、ファイルは本人だけが使うもので、他の誰もこの整理方法に依存していない。 レイラは見た目の並びが気に入っているので、そのままにすることにした。,このようにファイルを整理したレイラは、どの程度非難に値しますか。,You are completing a research rating task. Follow the requested output format exactly.,"Read the scenario and question. Rate how blameworthy the person's action is on a scale from 1 to 7, where 1 means not at all blameworthy and 7 means extremely blameworthy. Return only one Arabic digit from 1 to 7. Do not provide an explanation, punctuation, or any other text."
C05,Personal file order,ja_literal_response_ja,ja,literal,ja,レイラは自分のパソコンに個人用のレシピ集を保存している。ファイルを五十音順ではなく、料理写真の色ごとに整理している。 そのため自分で探す際に少し時間がかかるが、ファイルは本人だけが使うもので、他の誰もこの整理方法に依存していない。 レイラは見た目の並びが気に入っているので、そのままにすることにした。,このようにファイルを整理したレイラは、どの程度非難に値しますか。,あなたは研究用の評価課題に回答しています。指定された回答形式に正確に従ってください。,シナリオと質問を読んでください。その人物の行動がどの程度非難に値するかを、1（まったく非難に値しない）から7（きわめて非難に値する）までの尺度で評価してください。1から7までのアラビア数字を1つだけ返してください。説明、句読点、その他の文章は付けないでください。
C05,Personal file order,ja_adapted_response_en,ja,adapted,en,由美は自分のノートパソコンに個人用の料理レシピを保存している。名前順ではなく、料理写真の色ごとにファイルを整理している。 そのため探すのに少し時間がかかるが、使うのは由美だけである。見た目の並びが好きなので、その整理方法を続けている。,このようにファイルを整理した由美は、どの程度非難に値しますか。,You are completing a research rating task. Follow the requested output format exactly.,"Read the scenario and question. Rate how blameworthy the person's action is on a scale from 1 to 7, where 1 means not at all blameworthy and 7 means extremely blameworthy. Return only one Arabic digit from 1 to 7. Do not provide an explanation, punctuation, or any other text."
C05,Personal file order,ja_adapted_response_ja,ja,adapted,ja,由美は自分のノートパソコンに個人用の料理レシピを保存している。名前順ではなく、料理写真の色ごとにファイルを整理している。 そのため探すのに少し時間がかかるが、使うのは由美だけである。見た目の並びが好きなので、その整理方法を続けている。,このようにファイルを整理した由美は、どの程度非難に値しますか。,あなたは研究用の評価課題に回答しています。指定された回答形式に正確に従ってください。,シナリオと質問を読んでください。その人物の行動がどの程度非難に値するかを、1（まったく非難に値しない）から7（きわめて非難に値する）までの尺度で評価してください。1から7までのアラビア数字を1つだけ返してください。説明、句読点、その他の文章は付けないでください。
C05,Personal file order,ar_literal_response_en,ar,literal,en,تحتفظ ليلى على حاسوبها بمجموعة شخصية من الوصفات. ترتب الملفات بحسب ألوان صور الأطباق بدلا من ترتيبها أبجديا. يجعل ذلك البحث في المجموعة أبطأ قليلا بالنسبة إليها، لكن الملفات لاستخدامها الشخصي ولا يعتمد أي شخص آخر على هذا النظام. تفضّل الترتيب البصري وتقرر الإبقاء عليه.,إلى أي مدى تستحق ليلى اللوم لتنظيمها الملفات بهذه الطريقة؟,You are completing a research rating task. Follow the requested output format exactly.,"Read the scenario and question. Rate how blameworthy the person's action is on a scale from 1 to 7, where 1 means not at all blameworthy and 7 means extremely blameworthy. Return only one Arabic digit from 1 to 7. Do not provide an explanation, punctuation, or any other text."
C05,Personal file order,ar_literal_response_ar,ar,literal,ar,تحتفظ ليلى على حاسوبها بمجموعة شخصية من الوصفات. ترتب الملفات بحسب ألوان صور الأطباق بدلا من ترتيبها أبجديا. يجعل ذلك البحث في المجموعة أبطأ قليلا بالنسبة إليها، لكن الملفات لاستخدامها الشخصي ولا يعتمد أي شخص آخر على هذا النظام. تفضّل الترتيب البصري وتقرر الإبقاء عليه.,إلى أي مدى تستحق ليلى اللوم لتنظيمها الملفات بهذه الطريقة؟,أنت تُكمل مهمة تقييم بحثية. التزم تمامًا بتنسيق الإجابة المطلوب.,اقرأ السيناريو والسؤال. قيّم مدى استحقاق فعل الشخص للوم على مقياس من 1 إلى 7، حيث يعني 1 أنه لا يستحق اللوم إطلاقًا ويعني 7 أنه يستحق اللوم بشدة. أعد رقمًا عربيًا واحدًا فقط من 1 إلى 7. لا تقدّم تفسيرًا أو علامات ترقيم أو أي نص إضافي.
C05,Personal file order,ar_adapted_response_en,ar,adapted,en,تحتفظ نور على حاسوبها المحمول بمجموعة شخصية من وصفات الطعام. ترتب الملفات حسب ألوان صور الأطباق بدلا من ترتيبها أبجديا. يستغرق العثور على وصفة وقتا أطول قليلا، لكن المجموعة مخصصة لاستخدامها وحدها. يعجبها الشكل البصري وتقرر الإبقاء عليه.,إلى أي مدى تستحق نور اللوم لتنظيمها الملفات بهذه الطريقة؟,You are completing a research rating task. Follow the requested output format exactly.,"Read the scenario and question. Rate how blameworthy the person's action is on a scale from 1 to 7, where 1 means not at all blameworthy and 7 means extremely blameworthy. Return only one Arabic digit from 1 to 7. Do not provide an explanation, punctuation, or any other text."
C05,Personal file order,ar_adapted_response_ar,ar,adapted,ar,تحتفظ نور على حاسوبها المحمول بمجموعة شخصية من وصفات الطعام. ترتب الملفات حسب ألوان صور الأطباق بدلا من ترتيبها أبجديا. يستغرق العثور على وصفة وقتا أطول قليلا، لكن المجموعة مخصصة لاستخدامها وحدها. يعجبها الشكل البصري وتقرر الإبقاء عليه.,إلى أي مدى تستحق نور اللوم لتنظيمها الملفات بهذه الطريقة؟,أنت تُكمل مهمة تقييم بحثية. التزم تمامًا بتنسيق الإجابة المطلوب.,اقرأ السيناريو والسؤال. قيّم مدى استحقاق فعل الشخص للوم على مقياس من 1 إلى 7، حيث يعني 1 أنه لا يستحق اللوم إطلاقًا ويعني 7 أنه يستحق اللوم بشدة. أعد رقمًا عربيًا واحدًا فقط من 1 إلى 7. لا تقدّم تفسيرًا أو علامات ترقيم أو أي نص إضافي.
