scenario_id,language,normalized_character_edit_rate,total_n
S01,Hindi,0.35062611806797855,300
S01,Bengali,0.5595432300163132,300
S01,Tamil,0.37989556135770236,300
S01,Spanish,0.08695652173913043,300
S01,Japanese,0.376984126984127,300
S01,Arabic,0.289532293986637,300
S02,Hindi,0.45930232558139533,300
S02,Bengali,0.5965811965811966,300
S02,Tamil,0.3949801849405548,300
S02,Spanish,0.012658227848101266,300
S02,Japanese,0.39849624060150374,300
S02,Arabic,0.33985330073349634,300
S03,Hindi,0.38461538461538464,300
S03,Bengali,0.3176470588235294,300
S03,Tamil,0.32189349112426036,300
S03,Spanish,0.2675862068965517,300
S03,Japanese,0.5559006211180124,300
S03,Arabic,0.5210420841683366,300
S04,Hindi,0.45266781411359724,300
S04,Bengali,0.5121951219512195,300
S04,Tamil,0.2847411444141689,300
S04,Spanish,0.23792486583184258,300
S04,Japanese,0.6526717557251909,300
S04,Arabic,0.6118251928020566,300
S05,Hindi,0.44212218649517687,300
S05,Bengali,0.5179558011049724,300
S05,Tamil,0.28773072747014117,300
S05,Spanish,0.23065693430656933,300
S05,Japanese,0.5987261146496815,300
S05,Arabic,0.6035242290748899,300
S06,Hindi,0.2864583333333333,300
S06,Bengali,0.5442404006677797,300
S06,Tamil,0.21216041397153945,300
S06,Spanish,0.26066350710900477,300
S06,Japanese,0.6573426573426573,300
S06,Arabic,0.65311004784689,300
S07,Hindi,0.37750385208012327,300
S07,Bengali,0.5007052186177715,300
S07,Tamil,0.39601769911504425,300
S07,Spanish,0.38992042440318303,300
S07,Japanese,0.711038961038961,300
S07,Arabic,0.6397228637413395,300
S08,Hindi,0.3111455108359133,300
S08,Bengali,0.4789325842696629,300
S08,Tamil,0.23493975903614459,300
S08,Spanish,0.3985611510791367,300
S08,Japanese,0.6560509554140127,300
S08,Arabic,0.6470588235294118,300
S09,Hindi,0.3238938053097345,300
S09,Bengali,0.558599695585997,300
S09,Tamil,0.17427884615384615,300
S09,Spanish,0.47806354009077157,300
S09,Japanese,0.6273062730627307,300
S09,Arabic,0.6762589928057554,300
S10,Hindi,0.34050179211469533,300
S10,Bengali,0.6187050359712231,300
S10,Tamil,0.16183574879227053,300
S10,Spanish,0.41750358680057387,300
S10,Japanese,0.7024221453287197,300
S10,Arabic,0.7102137767220903,300
S11,Hindi,0.47723935389133626,300
S11,Bengali,0.4616419919246299,300
S11,Tamil,0.2804123711340206,300
S11,Spanish,0.4167794316644114,300
S11,Japanese,0.7138461538461538,300
S11,Arabic,0.6096491228070176,300
S12,Hindi,0.26443768996960487,300
S12,Bengali,0.5282485875706214,300
S12,Tamil,0.2747126436781609,300
S12,Spanish,0.45919778699861685,300
S12,Japanese,0.6374622356495468,300
S12,Arabic,0.75564681724846,300
S13,Hindi,0.4511834319526627,300
S13,Bengali,0.5649072753209701,300
S13,Tamil,0.2395005675368899,300
S13,Spanish,0.5421836228287841,300
S13,Japanese,0.44904458598726116,300
S13,Arabic,0.8007380073800738,300
S14,Hindi,0.32599724896836313,300
S14,Bengali,0.4823815309842041,300
S14,Tamil,0.1912087912087912,300
S14,Spanish,0.5843137254901961,300
S14,Japanese,0.6268656716417911,300
S14,Arabic,0.7581395348837209,300
S15,Hindi,0.43278688524590164,300
S15,Bengali,0.5609756097560976,300
S15,Tamil,0.11837655016910936,300
S15,Spanish,0.556420233463035,300
S15,Japanese,0.6253687315634219,300
S15,Arabic,0.7780678851174935,300
S16,Hindi,0.31345565749235477,300
S16,Bengali,0.5315315315315315,300
S16,Tamil,0.1468459152016546,300
S16,Spanish,0.5249266862170088,300
S16,Japanese,0.4984709480122324,300
S16,Arabic,0.7735849056603774,300
S17,Hindi,0.5526695526695526,300
S17,Bengali,0.5546666666666666,300
S17,Tamil,0.11192468619246862,300
S17,Spanish,0.6326002587322122,300
S17,Japanese,0.607773851590106,300
S17,Arabic,0.7601156069364162,300
S18,Hindi,0.5375,300
S18,Bengali,0.5631720430107527,300
S18,Tamil,0.22857142857142856,300
S18,Spanish,0.6319526627218935,300
S18,Japanese,0.5015479876160991,300
S18,Arabic,0.7342192691029901,300
S19,Hindi,0.32401315789473684,300
S19,Bengali,0.5309859154929577,300
S19,Tamil,0.1021978021978022,300
S19,Spanish,0.5468509984639017,300
S19,Japanese,0.5480427046263345,300
S19,Arabic,0.754874651810585,300
S20,Hindi,0.297029702970297,300
S20,Bengali,0.46628407460545196,300
S20,Tamil,0.07674144037780402,300
S20,Spanish,0.5884892086330935,300
S20,Japanese,0.49645390070921985,300
S20,Arabic,0.7662337662337663,300
S21,Hindi,0.2754491017964072,300
S21,Bengali,0.5973053892215568,300
S21,Tamil,0.3350582147477361,300
S21,Spanish,0.5496062992125984,300
S21,Japanese,0.5822784810126582,300
S21,Arabic,0.7987421383647799,300
S22,Hindi,0.3190921228304406,300
S22,Bengali,0.5141643059490085,300
S22,Tamil,0.1345496009122007,300
S22,Spanish,0.5712383488681758,300
S22,Japanese,0.5567375886524822,300
S22,Arabic,0.8011869436201781,300
S23,Hindi,0.35724331926863573,300
S23,Bengali,0.6342780026990553,300
S23,Tamil,0.10476190476190476,300
S23,Spanish,0.6187150837988827,300
S23,Japanese,0.5607142857142857,300
S23,Arabic,0.7636363636363637,300
S24,Hindi,0.34829931972789113,300
S24,Bengali,0.6118598382749326,300
S24,Tamil,0.0970231532524807,300
S24,Spanish,0.6241610738255033,300
S24,Japanese,0.6720257234726688,300
S24,Arabic,0.7738853503184714,300
S25,Hindi,0.5371577574967406,300
S25,Bengali,0.5597014925373134,300
S25,Tamil,0.08919722497522299,300
S25,Spanish,0.6985854189336235,300
S25,Japanese,0.5761589403973509,300
S25,Arabic,0.8084507042253521,300
S26,Hindi,0.5849462365591398,300
S26,Bengali,0.48,300
S26,Tamil,0.4723926380368098,300
S26,Spanish,0.4676258992805755,300
S26,Japanese,0.5,300
S26,Arabic,0.6708860759493671,300
S27,Hindi,0.6547619047619048,300
S27,Bengali,0.7303370786516854,300
S27,Tamil,0.6309523809523809,300
S27,Spanish,0.5802469135802469,300
S27,Japanese,0.5769230769230769,300
S27,Arabic,0.5507246376811594,300
S28,Hindi,0.5066666666666667,300
S28,Bengali,0.7166666666666667,300
S28,Tamil,0.4883720930232558,300
S28,Spanish,0.4838709677419355,300
S28,Japanese,0.88,300
S28,Arabic,0.7068965517241379,300
S29,Hindi,0.45588235294117646,300
S29,Bengali,0.6031746031746031,300
S29,Tamil,0.45714285714285713,300
S29,Spanish,0.463768115942029,300
S29,Japanese,0.3103448275862069,300
S29,Arabic,0.4358974358974359,300
S30,Hindi,0.6091954022988506,300
S30,Bengali,0.65625,300
S30,Tamil,0.5641025641025641,300
S30,Spanish,0.4266666666666667,300
S30,Japanese,0.34782608695652173,300
S30,Arabic,0.5357142857142857,300
S31,Hindi,0.46017699115044247,300
S31,Bengali,0.4578313253012048,300
S31,Tamil,0.3488372093023256,300
S31,Spanish,0.5056179775280899,300
S31,Japanese,0.6153846153846154,300
S31,Arabic,0.673469387755102,300
S32,Hindi,0.6170212765957447,300
S32,Bengali,0.6708860759493671,300
S32,Tamil,0.691358024691358,300
S32,Spanish,0.654320987654321,300
S32,Japanese,0.5666666666666667,300
S32,Arabic,0.7674418604651163,300
S33,Hindi,0.7362637362637363,300
S33,Bengali,0.4909090909090909,300
S33,Tamil,0.5303030303030303,300
S33,Spanish,0.39285714285714285,300
S33,Japanese,0.5263157894736842,300
S33,Arabic,0.38,300
S34,Hindi,0.42857142857142855,300
S34,Bengali,0.6901408450704225,300
S34,Tamil,0.6470588235294118,300
S34,Spanish,0.7571428571428571,300
S34,Japanese,0.5,300
S34,Arabic,0.5961538461538461,300
S35,Hindi,0.5454545454545454,300
S35,Bengali,0.6268656716417911,300
S35,Tamil,0.4943820224719101,300
S35,Spanish,0.6,300
S35,Japanese,0.5416666666666666,300
S35,Arabic,0.5573770491803278,300
S36,Hindi,0.6626506024096386,300
S36,Bengali,0.44776119402985076,300
S36,Tamil,0.44155844155844154,300
S36,Spanish,0.6404494382022472,300
S36,Japanese,0.68,300
S36,Arabic,0.5,300
S37,Hindi,0.5957446808510638,300
S37,Bengali,0.509090909090909,300
S37,Tamil,0.5172413793103449,300
S37,Spanish,0.5394736842105263,300
S37,Japanese,0.5238095238095238,300
S37,Arabic,0.2682926829268293,300
S38,Hindi,0.6493506493506493,300
S38,Bengali,0.45901639344262296,300
S38,Tamil,0.5740740740740741,300
S38,Spanish,0.65,300
S38,Japanese,0.5833333333333334,300
S38,Arabic,0.5370370370370371,300
S39,Hindi,0.44285714285714284,300
S39,Bengali,0.5303030303030303,300
S39,Tamil,0.3684210526315789,300
S39,Spanish,0.18309859154929578,300
S39,Japanese,0.75,300
S39,Arabic,0.4318181818181818,300
S40,Hindi,0.4117647058823529,300
S40,Bengali,0.41379310344827586,300
S40,Tamil,0.4533333333333333,300
S40,Spanish,0.5641025641025641,300
S40,Japanese,0.7586206896551724,300
S40,Arabic,0.5769230769230769,300
S41,Hindi,0.5700934579439252,300
S41,Bengali,0.3972602739726027,300
S41,Tamil,0.4606741573033708,300
S41,Spanish,0.5473684210526316,300
S41,Japanese,0.6086956521739131,300
S41,Arabic,0.3148148148148148,300
S42,Hindi,0.5061728395061729,300
S42,Bengali,0.36923076923076925,300
S42,Tamil,0.5949367088607594,300
S42,Spanish,0.7341772151898734,300
S42,Japanese,0.6521739130434783,300
S42,Arabic,0.58,300
S43,Hindi,0.4819277108433735,300
S43,Bengali,0.5932203389830508,300
S43,Tamil,0.417910447761194,300
S43,Spanish,0.40298507462686567,300
S43,Japanese,0.47368421052631576,300
S43,Arabic,0.6122448979591837,300
S44,Hindi,0.6571428571428571,300
S44,Bengali,0.7213114754098361,300
S44,Tamil,0.7101449275362319,300
S44,Spanish,0.7142857142857143,300
S44,Japanese,0.43478260869565216,300
S44,Arabic,0.5306122448979592,300
S45,Hindi,0.632183908045977,300
S45,Bengali,0.7638888888888888,300
S45,Tamil,0.6470588235294118,300
S45,Spanish,0.5416666666666666,300
S45,Japanese,0.5416666666666666,300
S45,Arabic,0.46808510638297873,300
S46,Hindi,0.5362318840579711,300
S46,Bengali,0.43333333333333335,300
S46,Tamil,0.5714285714285714,300
S46,Spanish,0.6557377049180327,300
S46,Japanese,0.7142857142857143,300
S46,Arabic,0.4444444444444444,300
S47,Hindi,0.4111111111111111,300
S47,Bengali,0.6724137931034483,300
S47,Tamil,0.6779661016949152,300
S47,Spanish,0.6451612903225806,300
S47,Japanese,0.7619047619047619,300
S47,Arabic,0.675,300
S48,Hindi,0.5,300
S48,Bengali,0.5245901639344263,300
S48,Tamil,0.4,300
S48,Spanish,0.7258064516129032,300
S48,Japanese,0.7,300
S48,Arabic,0.7317073170731707,300
S49,Hindi,0.3010752688172043,300
S49,Bengali,0.6379310344827587,300
S49,Tamil,0.639344262295082,300
S49,Spanish,0.5686274509803921,300
S49,Japanese,0.5555555555555556,300
S49,Arabic,0.4583333333333333,300
S50,Hindi,0.5052631578947369,300
S50,Bengali,0.5,300
S50,Tamil,0.4262295081967213,300
S50,Spanish,0.5797101449275363,300
S50,Japanese,0.5652173913043478,300
S50,Arabic,0.5471698113207547,300
