analysis_version,effect_type,language,model_key,mft_foundation,scenario_clusters,paired_observations,bootstrap_iterations,bootstrap_seed,bootstrap_mean,bootstrap_ci_lower,bootstrap_ci_upper,bootstrap_interval_crosses_zero,proportion_above_zero,proportion_below_zero
v1_original_intended,language,hi,pooled_primary_models,Care/Harm,11,33,10000,20260716,-0.12282424242421777,-0.36363636363636365,0.06060606060606061,true,0.092,0.908
v1_original_intended,language,bn,pooled_primary_models,Care/Harm,11,33,10000,20260717,-0.42568181818181283,-1.2424242424242424,0.15151515151515152,true,0.1049,0.8951
v1_original_intended,language,ta,pooled_primary_models,Care/Harm,11,33,10000,20260718,-0.5690424242423461,-1.393939393939394,0.030303030303030304,true,0.0322,0.9678
v1_original_intended,language,es,pooled_primary_models,Care/Harm,11,33,10000,20260719,-0.24630909090911488,-1.0606060606060606,0.24242424242424243,true,0.3275,0.6725
v1_original_intended,language,ja,pooled_primary_models,Care/Harm,11,33,10000,20260720,-0.2739484848485039,-1.121212121212121,0.3333333333333333,true,0.2574,0.7426
v1_original_intended,language,ar,pooled_primary_models,Care/Harm,11,33,10000,20260721,-0.2106727272727288,-1.0606060606060606,0.3333333333333333,true,0.3298,0.6702
v1_original_intended,language,all,pooled_primary_models,Care/Harm,11,198,10000,20260722,-0.31032979797979704,-0.9797979797979798,0.14646464646464646,true,0.1548,0.8452
v1_original_intended,framing,hi,pooled_primary_models,Care/Harm,11,33,10000,20260723,0.029787878787879207,-0.30303030303030304,0.3939393939393939,true,0.5208,0.4792
v1_original_intended,framing,bn,pooled_primary_models,Care/Harm,11,33,10000,20260724,-0.1569030303030289,-0.5454545454545454,0.18181818181818182,true,0.1868,0.8132
v1_original_intended,framing,ta,pooled_primary_models,Care/Harm,11,33,10000,20260725,-0.30093030303027457,-0.6666666666666666,0.030303030303030304,true,0.027,0.973
v1_original_intended,framing,es,pooled_primary_models,Care/Harm,11,33,10000,20260726,-0.33276363636363393,-0.6666666666666666,-0.030303030303030304,false,0.0071,0.9929
v1_original_intended,framing,ja,pooled_primary_models,Care/Harm,11,33,10000,20260727,0.1540636363636342,-0.09090909090909091,0.48484848484848486,true,0.8195,0.1805
v1_original_intended,framing,ar,pooled_primary_models,Care/Harm,11,33,10000,20260728,-0.18123333333333172,-0.45454545454545453,0.09090909090909091,true,0.0721,0.9279
v1_original_intended,framing,all,pooled_primary_models,Care/Harm,11,198,10000,20260729,-0.1312358585858556,-0.23737373737373738,-0.020202020202020204,false,0.0092,0.9908
v1_original_intended,reasoning,hi,pooled_primary_models,Care/Harm,11,33,10000,20260730,0.059303030303029594,-0.15151515151515152,0.24242424242424243,true,0.6966,0.3034
v1_original_intended,reasoning,bn,pooled_primary_models,Care/Harm,11,33,10000,20260731,0.06110909090908975,-0.09090909090909091,0.21212121212121213,true,0.7381,0.2619
v1_original_intended,reasoning,ta,pooled_primary_models,Care/Harm,11,33,10000,20260732,0.15179999999999094,0,0.39469696969695867,true,0.8923,0.1077
v1_original_intended,reasoning,es,pooled_primary_models,Care/Harm,11,33,10000,20260733,-0.18067575757575474,-0.48484848484848486,0.09090909090909091,true,0.0781,0.9219
v1_original_intended,reasoning,ja,pooled_primary_models,Care/Harm,11,33,10000,20260734,0.27260909090907975,0.06060606060606061,0.5151515151515151,false,0.991,0.009
v1_original_intended,reasoning,ar,pooled_primary_models,Care/Harm,11,33,10000,20260735,0.18137272727271647,0.06060606060606061,0.30303030303030304,false,0.9989,0.0011
v1_original_intended,reasoning,all,pooled_primary_models,Care/Harm,11,198,10000,20260736,0.09169040404040164,-0.010101010101010102,0.1919191919191919,true,0.9595,0.0405
v1_original_intended,language,hi,pooled_primary_models,Loyalty/Betrayal,10,30,10000,20260737,0.06556333333333336,-0.23333333333333334,0.43333333333333335,true,0.5956,0.4044
v1_original_intended,language,bn,pooled_primary_models,Loyalty/Betrayal,10,30,10000,20260738,-0.09948000000000658,-0.26666666666666666,0.06666666666666667,true,0.0711,0.9289
v1_original_intended,language,ta,pooled_primary_models,Loyalty/Betrayal,10,30,10000,20260739,-0.43167000000005584,-0.6666666666666666,-0.2,false,0,1
v1_original_intended,language,es,pooled_primary_models,Loyalty/Betrayal,10,30,10000,20260740,-0.19961666666668038,-0.4,-0.03333333333333333,false,0,1
v1_original_intended,language,ja,pooled_primary_models,Loyalty/Betrayal,10,30,10000,20260741,-0.06658333333333567,-0.36666666666666664,0.3,true,0.2999,0.7001
v1_original_intended,language,ar,pooled_primary_models,Loyalty/Betrayal,10,30,10000,20260742,-0.030153333333334656,-0.4,0.36666666666666664,true,0.389,0.611
v1_original_intended,language,all,pooled_primary_models,Loyalty/Betrayal,10,180,10000,20260743,-0.12761055555555412,-0.26666666666666666,0,true,0.021,0.979
v1_original_intended,framing,hi,pooled_primary_models,Loyalty/Betrayal,10,30,10000,20260744,-0.1985566666666765,-0.43333333333333335,0.03333333333333333,true,0.0257,0.9743
v1_original_intended,framing,bn,pooled_primary_models,Loyalty/Betrayal,10,30,10000,20260745,0.03111333333333362,-0.2,0.26666666666666666,true,0.5421,0.4579
v1_original_intended,framing,ta,pooled_primary_models,Loyalty/Betrayal,10,30,10000,20260746,0.3659966666666594,0,0.8333333333333334,true,0.9628,0.0372
v1_original_intended,framing,es,pooled_primary_models,Loyalty/Betrayal,10,30,10000,20260747,-0.20125000000000298,-0.6,0.13333333333333333,true,0.1059,0.8941
v1_original_intended,framing,ja,pooled_primary_models,Loyalty/Betrayal,10,30,10000,20260748,0.13347333333333178,-0.36666666666666664,0.8,true,0.6132,0.3868
v1_original_intended,framing,ar,pooled_primary_models,Loyalty/Betrayal,10,30,10000,20260749,0.0013299999999994044,-0.3,0.26666666666666666,true,0.4764,0.5236
v1_original_intended,framing,all,pooled_primary_models,Loyalty/Betrayal,10,180,10000,20260750,0.01929777777777806,-0.23333333333333334,0.26666666666666666,true,0.5656,0.4344
v1_original_intended,reasoning,hi,pooled_primary_models,Loyalty/Betrayal,10,30,10000,20260751,-0.033243333333333756,-0.3,0.2,true,0.3621,0.6379
v1_original_intended,reasoning,bn,pooled_primary_models,Loyalty/Betrayal,10,30,10000,20260752,0.19923666666666362,0,0.43333333333333335,true,0.9527,0.0473
v1_original_intended,reasoning,ta,pooled_primary_models,Loyalty/Betrayal,10,30,10000,20260753,-0.13562000000000443,-0.5333333333333333,0.2,true,0.2262,0.7738
v1_original_intended,reasoning,es,pooled_primary_models,Loyalty/Betrayal,10,30,10000,20260754,-0.00013333333333333792,-0.1,0.1,true,0.352,0.648
v1_original_intended,reasoning,ja,pooled_primary_models,Loyalty/Betrayal,10,30,10000,20260755,0.2677799999999932,0.1,0.43333333333333335,false,0.9989,0.0011
v1_original_intended,reasoning,ar,pooled_primary_models,Loyalty/Betrayal,10,30,10000,20260756,-0.002766666666666479,-0.26666666666666666,0.23333333333333334,true,0.4646,0.5354
v1_original_intended,reasoning,all,pooled_primary_models,Loyalty/Betrayal,10,180,10000,20260757,0.05110666666666739,-0.05555555555555555,0.16666666666666666,true,0.8028,0.1972
v1_original_intended,language,hi,pooled_primary_models,Authority/Subversion,10,30,10000,20260758,0.632443333333272,0.36666666666666664,1,false,1,0
v1_original_intended,language,bn,pooled_primary_models,Authority/Subversion,10,30,10000,20260759,0.39863666666666364,0.2,0.6333333333333333,false,1,0
v1_original_intended,language,ta,pooled_primary_models,Authority/Subversion,10,30,10000,20260760,0.13199333333333096,-0.13333333333333333,0.36666666666666664,true,0.8191,0.1809
v1_original_intended,language,es,pooled_primary_models,Authority/Subversion,10,30,10000,20260761,0.36812999999998847,0.13333333333333333,0.6333333333333333,false,1,0
v1_original_intended,language,ja,pooled_primary_models,Authority/Subversion,10,30,10000,20260762,0.29949333333332623,0.1,0.4666666666666667,false,0.9987,0.0013
v1_original_intended,language,ar,pooled_primary_models,Authority/Subversion,10,30,10000,20260763,0.43113666666666367,0.13333333333333333,0.7,false,0.9973,0.0027
v1_original_intended,language,all,pooled_primary_models,Authority/Subversion,10,180,10000,20260764,0.37797166666666965,0.20555555555555555,0.5777777777777777,false,1,0
v1_original_intended,framing,hi,pooled_primary_models,Authority/Subversion,10,30,10000,20260765,-0.3377700000000134,-0.8333333333333334,0.16666666666666666,true,0.0647,0.9353
v1_original_intended,framing,bn,pooled_primary_models,Authority/Subversion,10,30,10000,20260766,0.06593666666666687,-0.1,0.23333333333333334,true,0.6977,0.3023
v1_original_intended,framing,ta,pooled_primary_models,Authority/Subversion,10,30,10000,20260767,0.13384999999999955,-0.13333333333333333,0.43333333333333335,true,0.7741,0.2259
v1_original_intended,framing,es,pooled_primary_models,Authority/Subversion,10,30,10000,20260768,-0.46660333333334786,-0.8,-0.16666666666666666,false,0,1
v1_original_intended,framing,ja,pooled_primary_models,Authority/Subversion,10,30,10000,20260769,-0.16921000000000497,-0.5333333333333333,0.23333333333333334,true,0.1753,0.8247
v1_original_intended,framing,ar,pooled_primary_models,Authority/Subversion,10,30,10000,20260770,-0.031150000000003262,-0.6333333333333333,0.7,true,0.4165,0.5835
v1_original_intended,framing,all,pooled_primary_models,Authority/Subversion,10,180,10000,20260771,-0.13304555555555547,-0.3611111111111111,0.10555555555555556,true,0.1319,0.8681
v1_original_intended,reasoning,hi,pooled_primary_models,Authority/Subversion,10,30,10000,20260772,-0.3308533333333428,-0.7,0,true,0.0184,0.9816
v1_original_intended,reasoning,bn,pooled_primary_models,Authority/Subversion,10,30,10000,20260773,-0.168303333333347,-0.36666666666666664,0.03333333333333333,true,0.0446,0.9554
v1_original_intended,reasoning,ta,pooled_primary_models,Authority/Subversion,10,30,10000,20260774,-0.06853333333333465,-0.3333333333333333,0.23333333333333334,true,0.2682,0.7318
v1_original_intended,reasoning,es,pooled_primary_models,Authority/Subversion,10,30,10000,20260775,-0.3005833333332823,-0.5333333333333333,-0.06666666666666667,false,0.0026,0.9974
v1_original_intended,reasoning,ja,pooled_primary_models,Authority/Subversion,10,30,10000,20260776,0.13395999999999786,0,0.26666666666666666,true,0.9492,0.0508
v1_original_intended,reasoning,ar,pooled_primary_models,Authority/Subversion,10,30,10000,20260777,-0.3020099999999445,-0.5333333333333333,-0.1,false,0,1
v1_original_intended,reasoning,all,pooled_primary_models,Authority/Subversion,10,180,10000,20260778,-0.17354888888888736,-0.3111111111111111,-0.044444444444444446,false,0.0018,0.9982
v1_original_intended,language,hi,pooled_primary_models,Fairness/Cheating,10,30,10000,20260779,0.0030299999999999355,-0.2,0.2,true,0.4591,0.5409
v1_original_intended,language,bn,pooled_primary_models,Fairness/Cheating,10,30,10000,20260780,0.03459333333333376,-0.23333333333333334,0.3,true,0.5404,0.4596
v1_original_intended,language,ta,pooled_primary_models,Fairness/Cheating,10,30,10000,20260781,0.03394333333333491,-0.26666666666666666,0.3333333333333333,true,0.5582,0.4418
v1_original_intended,language,es,pooled_primary_models,Fairness/Cheating,10,30,10000,20260782,0.0656999999999998,-0.13333333333333333,0.26666666666666666,true,0.6753,0.3247
v1_original_intended,language,ja,pooled_primary_models,Fairness/Cheating,10,30,10000,20260783,-0.33375333333334267,-0.5,-0.16666666666666666,false,0,1
v1_original_intended,language,ar,pooled_primary_models,Fairness/Cheating,10,30,10000,20260784,-0.23353333333330992,-0.5,0.03333333333333333,true,0.0292,0.9708
v1_original_intended,language,all,pooled_primary_models,Fairness/Cheating,10,180,10000,20260785,-0.07297833333333596,-0.24444444444444444,0.1,true,0.1985,0.8015
v1_original_intended,framing,hi,pooled_primary_models,Fairness/Cheating,10,30,10000,20260786,-0.3015599999999601,-0.5666666666666667,-0.03333333333333333,false,0.0072,0.9928
v1_original_intended,framing,bn,pooled_primary_models,Fairness/Cheating,10,30,10000,20260787,-0.2991499999999521,-0.6,-0.06666666666666667,false,0,1
v1_original_intended,framing,ta,pooled_primary_models,Fairness/Cheating,10,30,10000,20260788,-0.40034666666667895,-0.8666666666666667,0,true,0.0167,0.9833
v1_original_intended,framing,es,pooled_primary_models,Fairness/Cheating,10,30,10000,20260789,-0.3320833333333546,-0.7,0.13333333333333333,true,0.064,0.936
v1_original_intended,framing,ja,pooled_primary_models,Fairness/Cheating,10,30,10000,20260790,0.26700333333332493,-0.1,0.6666666666666666,true,0.9091,0.0909
v1_original_intended,framing,ar,pooled_primary_models,Fairness/Cheating,10,30,10000,20260791,-0.2634100000000062,-0.9333333333333333,0.4,true,0.21,0.79
v1_original_intended,framing,all,pooled_primary_models,Fairness/Cheating,10,180,10000,20260792,-0.22327111111111275,-0.35,-0.06111111111111111,false,0.0042,0.9958
v1_original_intended,reasoning,hi,pooled_primary_models,Fairness/Cheating,10,30,10000,20260793,0.06826666666666574,-0.13333333333333333,0.3333333333333333,true,0.6511,0.3489
v1_original_intended,reasoning,bn,pooled_primary_models,Fairness/Cheating,10,30,10000,20260794,0.10121999999999906,-0.06666666666666667,0.26666666666666666,true,0.8466,0.1534
v1_original_intended,reasoning,ta,pooled_primary_models,Fairness/Cheating,10,30,10000,20260795,0.09993000000000299,-0.06666666666666667,0.3,true,0.8075,0.1925
v1_original_intended,reasoning,es,pooled_primary_models,Fairness/Cheating,10,30,10000,20260796,-0.16749333333334868,-0.36666666666666664,0.06666666666666667,true,0.0502,0.9498
v1_original_intended,reasoning,ja,pooled_primary_models,Fairness/Cheating,10,30,10000,20260797,0.33263999999999305,0.2,0.4666666666666667,false,1,0
v1_original_intended,reasoning,ar,pooled_primary_models,Fairness/Cheating,10,30,10000,20260798,0.40028999999999476,0.13333333333333333,0.6666666666666666,false,0.9993,0.0007
v1_original_intended,reasoning,all,pooled_primary_models,Fairness/Cheating,10,180,10000,20260799,0.13948944444444591,0.022222222222222223,0.26666666666666666,false,0.9903,0.0097
v1_original_intended,language,hi,pooled_primary_models,Sanctity/Degradation,9,27,10000,20260800,0.1480222222222282,-0.037037037037037035,0.3333333333333333,true,0.9245,0.0755
v1_original_intended,language,bn,pooled_primary_models,Sanctity/Degradation,9,27,10000,20260801,0.1465740740740662,-0.1111111111111111,0.4074074074074074,true,0.8127,0.1873
v1_original_intended,language,ta,pooled_primary_models,Sanctity/Degradation,9,27,10000,20260802,-0.14844444444442684,-0.3333333333333333,0.037037037037037035,true,0.0315,0.9685
v1_original_intended,language,es,pooled_primary_models,Sanctity/Degradation,9,27,10000,20260803,-0.07368888888888345,-0.3333333333333333,0.25925925925925924,true,0.2666,0.7334
v1_original_intended,language,ja,pooled_primary_models,Sanctity/Degradation,9,27,10000,20260804,0.037914814814815304,-0.2222222222222222,0.3333333333333333,true,0.5446,0.4554
v1_original_intended,language,ar,pooled_primary_models,Sanctity/Degradation,9,27,10000,20260805,0.18583333333333338,-0.14814814814814814,0.5925925925925926,true,0.8018,0.1982
v1_original_intended,language,all,pooled_primary_models,Sanctity/Degradation,9,162,10000,20260806,0.04937592592592586,-0.15432098765432098,0.2654320987654321,true,0.6622,0.3378
v1_original_intended,framing,hi,pooled_primary_models,Sanctity/Degradation,9,27,10000,20260807,-0.001448148148147134,-0.2222222222222222,0.2962962962962963,true,0.4009,0.5991
v1_original_intended,framing,bn,pooled_primary_models,Sanctity/Degradation,9,27,10000,20260808,-0.22260740740742058,-0.5925925925925926,0.14814814814814814,true,0.1052,0.8948
v1_original_intended,framing,ta,pooled_primary_models,Sanctity/Degradation,9,27,10000,20260809,-0.1839185185184984,-0.4074074074074074,0,true,0.0235,0.9765
v1_original_intended,framing,es,pooled_primary_models,Sanctity/Degradation,9,27,10000,20260810,-0.47927407407407874,-0.8888888888888888,-0.1111111111111111,false,0.0023,0.9977
v1_original_intended,framing,ja,pooled_primary_models,Sanctity/Degradation,9,27,10000,20260811,-0.11177407407407686,-0.3333333333333333,0.07407407407407407,true,0.1094,0.8906
v1_original_intended,framing,ar,pooled_primary_models,Sanctity/Degradation,9,27,10000,20260812,-0.5893703703704093,-1.1111111111111112,-0.18518518518518517,false,0,1
v1_original_intended,framing,all,pooled_primary_models,Sanctity/Degradation,9,162,10000,20260813,-0.2643617283950608,-0.4754629629629628,-0.06790123456790123,false,0.0026,0.9974
v1_original_intended,reasoning,hi,pooled_primary_models,Sanctity/Degradation,9,27,10000,20260814,-0.036303703703701486,-0.14814814814814814,0.07407407407407407,true,0.1829,0.8171
v1_original_intended,reasoning,bn,pooled_primary_models,Sanctity/Degradation,9,27,10000,20260815,0.07415925925925887,-0.07407407407407407,0.2222222222222222,true,0.7878,0.2122
v1_original_intended,reasoning,ta,pooled_primary_models,Sanctity/Degradation,9,27,10000,20260816,0.14798518518519108,-0.037037037037037035,0.3333333333333333,true,0.9228,0.0772
v1_original_intended,reasoning,es,pooled_primary_models,Sanctity/Degradation,9,27,10000,20260817,-0.11104074074074069,-0.37129629629629546,0.1111111111111111,true,0.1567,0.8433
v1_original_intended,reasoning,ja,pooled_primary_models,Sanctity/Degradation,9,27,10000,20260818,0.03723703703703759,-0.07407407407407407,0.14814814814814814,true,0.6167,0.3833
v1_original_intended,reasoning,ar,pooled_primary_models,Sanctity/Degradation,9,27,10000,20260819,0.14881481481481965,0,0.2962962962962963,true,0.9746,0.0254
v1_original_intended,reasoning,all,pooled_primary_models,Sanctity/Degradation,9,162,10000,20260820,0.04252901234568001,-0.037037037037037035,0.12345679012345678,true,0.8303,0.1697
v2_validated_subset,language,hi,pooled_primary_models,Care/Harm,8,24,10000,20260821,-0.12287500000000007,-0.4166666666666667,0.125,true,0.1649,0.8351
v2_validated_subset,language,bn,pooled_primary_models,Care/Harm,8,24,10000,20260822,-0.5494458333333315,-1.625,0.25,true,0.127,0.873
v2_validated_subset,language,ta,pooled_primary_models,Care/Harm,8,24,10000,20260823,-0.7830583333333335,-1.8333333333333333,0.041666666666666664,true,0.0294,0.9706
v2_validated_subset,language,es,pooled_primary_models,Care/Harm,8,24,10000,20260824,-0.37772083333332623,-1.4583333333333333,0.2916666666666667,true,0.3003,0.6997
v2_validated_subset,language,ja,pooled_primary_models,Care/Harm,8,24,10000,20260825,-0.3708916666666687,-1.5416666666666667,0.4583333333333333,true,0.2607,0.7393
v2_validated_subset,language,ar,pooled_primary_models,Care/Harm,8,24,10000,20260826,-0.3242999999999982,-1.4583333333333333,0.4166666666666667,true,0.3005,0.6995
v2_validated_subset,language,all,pooled_primary_models,Care/Harm,8,144,10000,20260827,-0.4262888888888882,-1.3194444444444444,0.19444444444444445,true,0.1487,0.8513
v2_validated_subset,framing,hi,pooled_primary_models,Care/Harm,8,24,10000,20260828,0.16757500000000297,-0.25,0.5833333333333334,true,0.7443,0.2557
v2_validated_subset,framing,bn,pooled_primary_models,Care/Harm,8,24,10000,20260829,-0.08135833333333312,-0.625,0.3333333333333333,true,0.3612,0.6388
v2_validated_subset,framing,ta,pooled_primary_models,Care/Harm,8,24,10000,20260830,-0.20695833333333816,-0.625,0.16666666666666666,true,0.1142,0.8858
v2_validated_subset,framing,es,pooled_primary_models,Care/Harm,8,24,10000,20260831,-0.45731666666667004,-0.875,-0.125,false,0,1
v2_validated_subset,framing,ja,pooled_primary_models,Care/Harm,8,24,10000,20260832,0.12432916666666936,-0.125,0.5,true,0.6518,0.3482
v2_validated_subset,framing,ar,pooled_primary_models,Care/Harm,8,24,10000,20260833,-0.25252916666667397,-0.625,0.125,true,0.0672,0.9328
v2_validated_subset,framing,all,pooled_primary_models,Care/Harm,8,144,10000,20260834,-0.11778958333333,-0.2569444444444444,0.027777777777777776,true,0.0498,0.9502
v2_validated_subset,reasoning,hi,pooled_primary_models,Care/Harm,8,24,10000,20260835,0.08421250000000112,-0.16666666666666666,0.2916666666666667,true,0.726,0.274
v2_validated_subset,reasoning,bn,pooled_primary_models,Care/Harm,8,24,10000,20260836,0.08325000000000095,-0.08333333333333333,0.20833333333333334,true,0.7927,0.2073
v2_validated_subset,reasoning,ta,pooled_primary_models,Care/Harm,8,24,10000,20260837,0.20691666666666803,0,0.5416666666666666,true,0.8955,0.1045
v2_validated_subset,reasoning,es,pooled_primary_models,Care/Harm,8,24,10000,20260838,-0.20772916666667252,-0.5833333333333334,0.125,true,0.1019,0.8981
v2_validated_subset,reasoning,ja,pooled_primary_models,Care/Harm,8,24,10000,20260839,0.3349500000000047,0.041666666666666664,0.6666666666666666,false,0.9824,0.0176
v2_validated_subset,reasoning,ar,pooled_primary_models,Care/Harm,8,24,10000,20260840,0.2509041666666769,0.125,0.4166666666666667,false,0.9995,0.0005
v2_validated_subset,reasoning,all,pooled_primary_models,Care/Harm,8,144,10000,20260841,0.12376944444444303,0.013888888888888888,0.22916666666666666,false,0.9801,0.0199
v2_validated_subset,language,hi,pooled_primary_models,Loyalty/Betrayal,8,24,10000,20260842,0.20858333333332954,-0.08333333333333333,0.5833333333333334,true,0.8554,0.1446
v2_validated_subset,language,bn,pooled_primary_models,Loyalty/Betrayal,8,24,10000,20260843,-0.041916666666666054,-0.16666666666666666,0.08333333333333333,true,0.1834,0.8166
v2_validated_subset,language,ta,pooled_primary_models,Loyalty/Betrayal,8,24,10000,20260844,-0.417866666666679,-0.7083333333333334,-0.16666666666666666,false,0,1
v2_validated_subset,language,es,pooled_primary_models,Loyalty/Betrayal,8,24,10000,20260845,-0.166945833333347,-0.4166666666666667,0,true,0,1
v2_validated_subset,language,ja,pooled_primary_models,Loyalty/Betrayal,8,24,10000,20260846,0.04466666666666626,-0.2916666666666667,0.4583333333333333,true,0.5197,0.4803
v2_validated_subset,language,ar,pooled_primary_models,Loyalty/Betrayal,8,24,10000,20260847,0.0838958333333338,-0.3333333333333333,0.5,true,0.5945,0.4055
v2_validated_subset,language,all,pooled_primary_models,Loyalty/Betrayal,8,144,10000,20260848,-0.04804166666666591,-0.14583333333333334,0.04861111111111111,true,0.1558,0.8442
v2_validated_subset,framing,hi,pooled_primary_models,Loyalty/Betrayal,8,24,10000,20260849,-0.2909000000000036,-0.5416666666666666,-0.08333333333333333,false,0,1
v2_validated_subset,framing,bn,pooled_primary_models,Loyalty/Betrayal,8,24,10000,20260850,0.041529166666665895,-0.25,0.3333333333333333,true,0.5425,0.4575
v2_validated_subset,framing,ta,pooled_primary_models,Loyalty/Betrayal,8,24,10000,20260851,0.4542125000000039,0,1,true,0.9676,0.0324
v2_validated_subset,framing,es,pooled_primary_models,Loyalty/Betrayal,8,24,10000,20260852,-0.21331249999999286,-0.7083333333333334,0.16666666666666666,true,0.1337,0.8663
v2_validated_subset,framing,ja,pooled_primary_models,Loyalty/Betrayal,8,24,10000,20260853,0.1653833333333346,-0.4583333333333333,1,true,0.6144,0.3856
v2_validated_subset,framing,ar,pooled_primary_models,Loyalty/Betrayal,8,24,10000,20260854,-0.04081250000000034,-0.4166666666666667,0.2916666666666667,true,0.3774,0.6226
v2_validated_subset,framing,all,pooled_primary_models,Loyalty/Betrayal,8,144,10000,20260855,0.01966527777777822,-0.2986111111111111,0.3402777777777778,true,0.5414,0.4586
v2_validated_subset,reasoning,hi,pooled_primary_models,Loyalty/Betrayal,8,24,10000,20260856,-0.08427500000000596,-0.4166666666666667,0.20833333333333334,true,0.2517,0.7483
v2_validated_subset,reasoning,bn,pooled_primary_models,Loyalty/Betrayal,8,24,10000,20260857,0.2087374999999997,-0.041666666666666664,0.5,true,0.9124,0.0876
v2_validated_subset,reasoning,ta,pooled_primary_models,Loyalty/Betrayal,8,24,10000,20260858,-0.16734583333333222,-0.6666666666666666,0.25,true,0.2305,0.7695
v2_validated_subset,reasoning,es,pooled_primary_models,Loyalty/Betrayal,8,24,10000,20260859,-0.04145416666667477,-0.125,0,true,0,1
v2_validated_subset,reasoning,ja,pooled_primary_models,Loyalty/Betrayal,8,24,10000,20260860,0.20802500000001087,0.041666666666666664,0.4166666666666667,false,0.9774,0.0226
v2_validated_subset,reasoning,ar,pooled_primary_models,Loyalty/Betrayal,8,24,10000,20260861,-0.1263625,-0.375,0,true,0,1
v2_validated_subset,reasoning,all,pooled_primary_models,Loyalty/Betrayal,8,144,10000,20260862,-0.0001375000000002302,-0.10416666666666667,0.1111111111111111,true,0.455,0.545
v2_validated_subset,language,hi,pooled_primary_models,Authority/Subversion,5,15,10000,20260863,0.8014866666666547,0.4,1.4,false,1,0
v2_validated_subset,language,bn,pooled_primary_models,Authority/Subversion,5,15,10000,20260864,0.5359333333333247,0.3333333333333333,0.9333333333333333,false,1,0
v2_validated_subset,language,ta,pooled_primary_models,Authority/Subversion,5,15,10000,20260865,-0.06780000000000157,-0.4,0.2,true,0.2661,0.7339
v2_validated_subset,language,es,pooled_primary_models,Authority/Subversion,5,15,10000,20260866,0.46289999999998627,0.06666666666666667,0.9333333333333333,false,0.9884,0.0116
v2_validated_subset,language,ja,pooled_primary_models,Authority/Subversion,5,15,10000,20260867,0.26651333333333543,-0.06666666666666667,0.5333333333333333,true,0.9451,0.0549
v2_validated_subset,language,ar,pooled_primary_models,Authority/Subversion,5,15,10000,20260868,0.4615933333333079,0,0.9333333333333333,true,0.9559,0.0441
v2_validated_subset,language,all,pooled_primary_models,Authority/Subversion,5,90,10000,20260869,0.4109733333333369,0.18888888888888888,0.7444444444444445,false,1,0
v2_validated_subset,framing,hi,pooled_primary_models,Authority/Subversion,5,15,10000,20260870,-0.3287666666666793,-1.3333333333333333,0.6666666666666666,true,0.1468,0.8532
v2_validated_subset,framing,bn,pooled_primary_models,Authority/Subversion,5,15,10000,20260871,-0.13390666666666434,-0.26666666666666666,0,true,0,1
v2_validated_subset,framing,ta,pooled_primary_models,Authority/Subversion,5,15,10000,20260872,0.199313333333328,-0.3333333333333333,0.8,true,0.6943,0.3057
v2_validated_subset,framing,es,pooled_primary_models,Authority/Subversion,5,15,10000,20260873,-0.601233333333295,-1.1333333333333333,-0.06666666666666667,false,0,1
v2_validated_subset,framing,ja,pooled_primary_models,Authority/Subversion,5,15,10000,20260874,-0.06633333333333567,-0.6,0.6666666666666666,true,0.3403,0.6597
v2_validated_subset,framing,ar,pooled_primary_models,Authority/Subversion,5,15,10000,20260875,0.39291999999999627,-0.7333333333333333,1.6,true,0.7101,0.2899
v2_validated_subset,framing,all,pooled_primary_models,Authority/Subversion,5,90,10000,20260876,-0.0901788888888953,-0.5333333333333333,0.35555555555555557,true,0.3479,0.6521
v2_validated_subset,reasoning,hi,pooled_primary_models,Authority/Subversion,5,15,10000,20260877,-0.4023200000000195,-1,0.2,true,0.089,0.911
v2_validated_subset,reasoning,bn,pooled_primary_models,Authority/Subversion,5,15,10000,20260878,-0.3341266666667091,-0.5333333333333333,-0.13333333333333333,false,0,1
v2_validated_subset,reasoning,ta,pooled_primary_models,Authority/Subversion,5,15,10000,20260879,0.0679533333333334,-0.4,0.6,true,0.5355,0.4645
v2_validated_subset,reasoning,es,pooled_primary_models,Authority/Subversion,5,15,10000,20260880,-0.5989333333333133,-0.8,-0.4,false,0,1
v2_validated_subset,reasoning,ja,pooled_primary_models,Authority/Subversion,5,15,10000,20260881,0.19905333333333416,0.06666666666666667,0.3333333333333333,false,0.9886,0.0114
v2_validated_subset,reasoning,ar,pooled_primary_models,Authority/Subversion,5,15,10000,20260882,-0.3988800000000381,-0.7333333333333333,-0.06666666666666667,false,0,1
v2_validated_subset,reasoning,all,pooled_primary_models,Authority/Subversion,5,90,10000,20260883,-0.24449000000000343,-0.4222222222222222,-0.06666666666666667,false,0,1
v2_validated_subset,language,hi,pooled_primary_models,Fairness/Cheating,9,27,10000,20260884,0.00014074074074066605,-0.2222222222222222,0.2222222222222222,true,0.4529,0.5471
v2_validated_subset,language,bn,pooled_primary_models,Fairness/Cheating,9,27,10000,20260885,0.10838148148147686,-0.1111111111111111,0.37037037037037035,true,0.7408,0.2592
v2_validated_subset,language,ta,pooled_primary_models,Fairness/Cheating,9,27,10000,20260886,-0.039066666666664855,-0.37037037037037035,0.25925925925925924,true,0.3624,0.6376
v2_validated_subset,language,es,pooled_primary_models,Fairness/Cheating,9,27,10000,20260887,0.10932222222221856,-0.07407407407407407,0.3333333333333333,true,0.8074,0.1926
v2_validated_subset,language,ja,pooled_primary_models,Fairness/Cheating,9,27,10000,20260888,-0.3327703703703359,-0.5185185185185185,-0.14814814814814814,false,0,1
v2_validated_subset,language,ar,pooled_primary_models,Fairness/Cheating,9,27,10000,20260889,-0.2583555555555687,-0.5555555555555556,0.0009259259259124519,true,0.025,0.975
v2_validated_subset,language,all,pooled_primary_models,Fairness/Cheating,9,162,10000,20260890,-0.06800802469135714,-0.2654320987654321,0.12345679012345678,true,0.2395,0.7605
v2_validated_subset,framing,hi,pooled_primary_models,Fairness/Cheating,9,27,10000,20260891,-0.2596888888889021,-0.5185185185185185,0,true,0.021,0.979
v2_validated_subset,framing,bn,pooled_primary_models,Fairness/Cheating,9,27,10000,20260892,-0.29807407407405756,-0.5925925925925926,0,true,0,1
v2_validated_subset,framing,ta,pooled_primary_models,Fairness/Cheating,9,27,10000,20260893,-0.40589629629629087,-0.9259259259259259,0.037037037037037035,true,0.0267,0.9733
v2_validated_subset,framing,es,pooled_primary_models,Fairness/Cheating,9,27,10000,20260894,-0.5179518518518822,-0.7777777777777778,-0.2222222222222222,false,0,1
v2_validated_subset,framing,ja,pooled_primary_models,Fairness/Cheating,9,27,10000,20260895,0.14722962962962896,-0.18518518518518517,0.5185185185185185,true,0.7654,0.2346
v2_validated_subset,framing,ar,pooled_primary_models,Fairness/Cheating,9,27,10000,20260896,-0.40854074074073315,-1.0740740740740742,0.25925925925925924,true,0.1086,0.8914
v2_validated_subset,framing,all,pooled_primary_models,Fairness/Cheating,9,162,10000,20260897,-0.289899999999999,-0.37037037037037035,-0.18518518518518517,false,0,1
v2_validated_subset,reasoning,hi,pooled_primary_models,Fairness/Cheating,9,27,10000,20260898,0.03744074074074097,-0.14814814814814814,0.2962962962962963,true,0.529,0.471
v2_validated_subset,reasoning,bn,pooled_primary_models,Fairness/Cheating,9,27,10000,20260899,0.0364518518518524,-0.07407407407407407,0.14814814814814814,true,0.6101,0.3899
v2_validated_subset,reasoning,ta,pooled_primary_models,Fairness/Cheating,9,27,10000,20260900,0.11148148148147784,-0.1111111111111111,0.3333333333333333,true,0.8093,0.1907
v2_validated_subset,reasoning,es,pooled_primary_models,Fairness/Cheating,9,27,10000,20260901,-0.18472592592590967,-0.37037037037037035,0.07407407407407407,true,0.0529,0.9471
v2_validated_subset,reasoning,ja,pooled_primary_models,Fairness/Cheating,9,27,10000,20260902,0.33321111111109525,0.18518518518518517,0.48148148148148145,false,1,0
v2_validated_subset,reasoning,ar,pooled_primary_models,Fairness/Cheating,9,27,10000,20260903,0.4433703703703618,0.18518518518518517,0.7037037037037037,false,0.9991,0.0009
v2_validated_subset,reasoning,all,pooled_primary_models,Fairness/Cheating,9,162,10000,20260904,0.12972037037036682,0,0.2716049382716049,true,0.9722,0.0278
v2_validated_subset,language,hi,pooled_primary_models,Sanctity/Degradation,9,27,10000,20260905,0.1487703703703762,-0.037037037037037035,0.3333333333333333,true,0.9228,0.0772
v2_validated_subset,language,bn,pooled_primary_models,Sanctity/Degradation,9,27,10000,20260906,0.14912222222221364,-0.1111111111111111,0.4074074074074074,true,0.8218,0.1782
v2_validated_subset,language,ta,pooled_primary_models,Sanctity/Degradation,9,27,10000,20260907,-0.14768518518516827,-0.3333333333333333,0.037037037037037035,true,0.0329,0.9671
v2_validated_subset,language,es,pooled_primary_models,Sanctity/Degradation,9,27,10000,20260908,-0.07325185185184621,-0.3333333333333333,0.25925925925925924,true,0.2647,0.7353
v2_validated_subset,language,ja,pooled_primary_models,Sanctity/Degradation,9,27,10000,20260909,0.037074074074074724,-0.2222222222222222,0.3333333333333333,true,0.5479,0.4521
v2_validated_subset,language,ar,pooled_primary_models,Sanctity/Degradation,9,27,10000,20260910,0.18248148148148316,-0.14814814814814814,0.5555555555555556,true,0.8001,0.1999
v2_validated_subset,language,all,pooled_primary_models,Sanctity/Degradation,9,162,10000,20260911,0.04919444444444441,-0.14814814814814814,0.2654320987654321,true,0.6527,0.3473
v2_validated_subset,framing,hi,pooled_primary_models,Sanctity/Degradation,9,27,10000,20260912,-0.00013333333333226437,-0.2222222222222222,0.2962962962962963,true,0.4041,0.5959
v2_validated_subset,framing,bn,pooled_primary_models,Sanctity/Degradation,9,27,10000,20260913,-0.22093703703704914,-0.5925925925925926,0.14814814814814814,true,0.1028,0.8972
v2_validated_subset,framing,ta,pooled_primary_models,Sanctity/Degradation,9,27,10000,20260914,-0.18566666666664702,-0.4074074074074074,0,true,0.0234,0.9766
v2_validated_subset,framing,es,pooled_primary_models,Sanctity/Degradation,9,27,10000,20260915,-0.48130000000000456,-0.8888888888888888,-0.1111111111111111,false,0.002,0.998
v2_validated_subset,framing,ja,pooled_primary_models,Sanctity/Degradation,9,27,10000,20260916,-0.11207777777778015,-0.3333333333333333,0.07407407407407407,true,0.1038,0.8962
v2_validated_subset,framing,ar,pooled_primary_models,Sanctity/Degradation,9,27,10000,20260917,-0.5955000000000348,-1.1111111111111112,-0.18518518518518517,false,0,1
v2_validated_subset,framing,all,pooled_primary_models,Sanctity/Degradation,9,162,10000,20260918,-0.26662901234567915,-0.47530864197530864,-0.07407407407407407,false,0.0031,0.9969
v2_validated_subset,reasoning,hi,pooled_primary_models,Sanctity/Degradation,9,27,10000,20260919,-0.03723333333333098,-0.14814814814814814,0.07407407407407407,true,0.1811,0.8189
v2_validated_subset,reasoning,bn,pooled_primary_models,Sanctity/Degradation,9,27,10000,20260920,0.07508148148148074,-0.07407407407407407,0.2222222222222222,true,0.7923,0.2077
v2_validated_subset,reasoning,ta,pooled_primary_models,Sanctity/Degradation,9,27,10000,20260921,0.14866666666667291,-0.037037037037037035,0.3333333333333333,true,0.9241,0.0759
v2_validated_subset,reasoning,es,pooled_primary_models,Sanctity/Degradation,9,27,10000,20260922,-0.11021111111111057,-0.37037037037037035,0.1111111111111111,true,0.1524,0.8476
v2_validated_subset,reasoning,ja,pooled_primary_models,Sanctity/Degradation,9,27,10000,20260923,0.03819629629629664,-0.07407407407407407,0.14814814814814814,true,0.6227,0.3773
v2_validated_subset,reasoning,ar,pooled_primary_models,Sanctity/Degradation,9,27,10000,20260924,0.14845185185185725,0.037037037037037035,0.2962962962962963,false,0.9761,0.0239
v2_validated_subset,reasoning,all,pooled_primary_models,Sanctity/Degradation,9,162,10000,20260925,0.04275740740740832,-0.037037037037037035,0.12345679012345678,true,0.8306,0.1694
v3_human_scenario_majority,language,hi,pooled_primary_models,Care/Harm,11,33,10000,20260926,0.031063636363636016,-0.24242424242424243,0.30303030303030304,true,0.5472,0.4528
v3_human_scenario_majority,language,bn,pooled_primary_models,Care/Harm,11,33,10000,20260927,-0.36317575757576825,-1.1818181818181819,0.21212121212121213,true,0.1616,0.8384
v3_human_scenario_majority,language,ta,pooled_primary_models,Care/Harm,11,33,10000,20260928,-0.5169333333332287,-1.3636363636363635,0.12121212121212122,true,0.0646,0.9354
v3_human_scenario_majority,language,es,pooled_primary_models,Care/Harm,11,33,10000,20260929,-0.24426969696972023,-1.0303030303030303,0.24242424242424243,true,0.3236,0.6764
v3_human_scenario_majority,language,ja,pooled_primary_models,Care/Harm,11,33,10000,20260930,-0.2105424242424345,-1.0909090909090908,0.36363636363636365,true,0.332,0.668
v3_human_scenario_majority,language,ar,pooled_primary_models,Care/Harm,11,33,10000,20260931,-0.12233030303030626,-1,0.45454545454545453,true,0.3965,0.6035
v3_human_scenario_majority,language,all,pooled_primary_models,Care/Harm,11,198,10000,20260932,-0.23432373737373838,-0.9191919191919192,0.23737373737373738,true,0.257,0.743
v3_human_scenario_majority,framing,hi,pooled_primary_models,Care/Harm,11,33,10000,20260933,0.029784848484848823,-0.30303030303030304,0.3939393939393939,true,0.5217,0.4783
v3_human_scenario_majority,framing,bn,pooled_primary_models,Care/Harm,11,33,10000,20260934,0.061160606060605166,-0.36363636363636365,0.3939393939393939,true,0.6196,0.3804
v3_human_scenario_majority,framing,ta,pooled_primary_models,Care/Harm,11,33,10000,20260935,-0.15024545454544885,-0.45454545454545453,0.12121212121212122,true,0.113,0.887
v3_human_scenario_majority,framing,es,pooled_primary_models,Care/Harm,11,33,10000,20260936,-0.39345757575760404,-0.7272727272727273,-0.12121212121212122,false,0,1
v3_human_scenario_majority,framing,ja,pooled_primary_models,Care/Harm,11,33,10000,20260937,-0.028475757575757085,-0.3333333333333333,0.3333333333333333,true,0.384,0.616
v3_human_scenario_majority,framing,ar,pooled_primary_models,Care/Harm,11,33,10000,20260938,-0.33241515151515894,-0.6060606060606061,-0.030303030303030304,false,0.0101,0.9899
v3_human_scenario_majority,framing,all,pooled_primary_models,Care/Harm,11,198,10000,20260939,-0.13573686868686277,-0.2474747474747475,-0.015151515151515152,false,0.0134,0.9866
v3_human_scenario_majority,reasoning,hi,pooled_primary_models,Care/Harm,11,33,10000,20260940,0.03047272727272769,-0.15151515151515152,0.18181818181818182,true,0.5807,0.4193
v3_human_scenario_majority,reasoning,bn,pooled_primary_models,Care/Harm,11,33,10000,20260941,0.12122727272726593,0,0.24242424242424243,true,0.9446,0.0554
v3_human_scenario_majority,reasoning,ta,pooled_primary_models,Care/Harm,11,33,10000,20260942,0.11899393939393947,-0.06060606060606061,0.3939393939393939,true,0.7704,0.2296
v3_human_scenario_majority,reasoning,es,pooled_primary_models,Care/Harm,11,33,10000,20260943,-0.15029999999999433,-0.45454545454545453,0.12121212121212122,true,0.118,0.882
v3_human_scenario_majority,reasoning,ja,pooled_primary_models,Care/Harm,11,33,10000,20260944,0.30203636363635084,0.09090909090909091,0.5454545454545454,false,0.9957,0.0043
v3_human_scenario_majority,reasoning,ar,pooled_primary_models,Care/Harm,11,33,10000,20260945,0.1517939393939307,0,0.30303030303030304,true,0.959,0.041
v3_human_scenario_majority,reasoning,all,pooled_primary_models,Care/Harm,11,198,10000,20260946,0.09661666666666233,0.010101010101010102,0.18686868686868688,false,0.9879,0.0121
v3_human_scenario_majority,language,hi,pooled_primary_models,Loyalty/Betrayal,11,33,10000,20260947,0.18164545454545064,-0.030303030303030304,0.48484848484848486,true,0.9067,0.0933
v3_human_scenario_majority,language,bn,pooled_primary_models,Loyalty/Betrayal,11,33,10000,20260948,-0.06057878787878086,-0.24242424242424243,0.09090909090909091,true,0.1802,0.8198
v3_human_scenario_majority,language,ta,pooled_primary_models,Loyalty/Betrayal,11,33,10000,20260949,-0.2126727272727282,-0.5151515151515151,0.06060606060606061,true,0.0621,0.9379
v3_human_scenario_majority,language,es,pooled_primary_models,Loyalty/Betrayal,11,33,10000,20260950,-0.12054848484846152,-0.3333333333333333,0.030303030303030304,true,0.0642,0.9358
v3_human_scenario_majority,language,ja,pooled_primary_models,Loyalty/Betrayal,11,33,10000,20260951,0.032593939393939474,-0.24242424242424243,0.36363636363636365,true,0.5227,0.4773
v3_human_scenario_majority,language,ar,pooled_primary_models,Loyalty/Betrayal,11,33,10000,20260952,0.060784848484849184,-0.24242424242424243,0.36363636363636365,true,0.5978,0.4022
v3_human_scenario_majority,language,all,pooled_primary_models,Loyalty/Betrayal,11,198,10000,20260953,-0.019413636363635727,-0.10606060606060606,0.07575757575757576,true,0.3107,0.6893
v3_human_scenario_majority,framing,hi,pooled_primary_models,Loyalty/Betrayal,11,33,10000,20260954,-0.3042151515150889,-0.5151515151515151,-0.12121212121212122,false,0,1
v3_human_scenario_majority,framing,bn,pooled_primary_models,Loyalty/Betrayal,11,33,10000,20260955,-0.0002030303030299113,-0.21212121212121213,0.21212121212121213,true,0.4375,0.5625
v3_human_scenario_majority,framing,ta,pooled_primary_models,Loyalty/Betrayal,11,33,10000,20260956,0.3050212121212051,-0.030303030303030304,0.7575757575757576,true,0.929,0.071
v3_human_scenario_majority,framing,es,pooled_primary_models,Loyalty/Betrayal,11,33,10000,20260957,-0.09100909090909363,-0.5454545454545454,0.3333333333333333,true,0.3131,0.6869
v3_human_scenario_majority,framing,ja,pooled_primary_models,Loyalty/Betrayal,11,33,10000,20260958,0.21307878787878648,-0.30303030303030304,0.8484848484848485,true,0.7379,0.2621
v3_human_scenario_majority,framing,ar,pooled_primary_models,Loyalty/Betrayal,11,33,10000,20260959,0.08915454545454427,-0.24242424242424243,0.3939393939393939,true,0.6807,0.3193
v3_human_scenario_majority,framing,all,pooled_primary_models,Loyalty/Betrayal,11,198,10000,20260960,0.03722272727272693,-0.19696969696969696,0.2777777777777778,true,0.6131,0.3869
v3_human_scenario_majority,reasoning,hi,pooled_primary_models,Loyalty/Betrayal,11,33,10000,20260961,-0.030242424242422634,-0.2727272727272727,0.18181818181818182,true,0.3644,0.6356
v3_human_scenario_majority,reasoning,bn,pooled_primary_models,Loyalty/Betrayal,11,33,10000,20260962,0.21269393939393344,0,0.45454545454545453,true,0.9659,0.0341
v3_human_scenario_majority,reasoning,ta,pooled_primary_models,Loyalty/Betrayal,11,33,10000,20260963,-0.1228030303030297,-0.48484848484848486,0.18181818181818182,true,0.2235,0.7765
v3_human_scenario_majority,reasoning,es,pooled_primary_models,Loyalty/Betrayal,11,33,10000,20260964,-0.060515151515141544,-0.15151515151515152,0,true,0,1
v3_human_scenario_majority,reasoning,ja,pooled_primary_models,Loyalty/Betrayal,11,33,10000,20260965,0.15251818181817295,0,0.3333333333333333,true,0.9448,0.0552
v3_human_scenario_majority,reasoning,ar,pooled_primary_models,Loyalty/Betrayal,11,33,10000,20260966,-0.09038181818182982,-0.2727272727272727,0,true,0,1
v3_human_scenario_majority,reasoning,all,pooled_primary_models,Loyalty/Betrayal,11,198,10000,20260967,0.010259595959596187,-0.07575757575757576,0.10606060606060606,true,0.5524,0.4476
v3_human_scenario_majority,language,hi,pooled_primary_models,Authority/Subversion,5,15,10000,20260968,0.8004733333333172,0.4,1.4,false,1,0
v3_human_scenario_majority,language,bn,pooled_primary_models,Authority/Subversion,5,15,10000,20260969,0.5338933333333247,0.3333333333333333,0.9333333333333333,false,1,0
v3_human_scenario_majority,language,ta,pooled_primary_models,Authority/Subversion,5,15,10000,20260970,-0.06605333333333464,-0.4,0.2,true,0.2748,0.7252
v3_human_scenario_majority,language,es,pooled_primary_models,Authority/Subversion,5,15,10000,20260971,0.4644533333333221,0.06666666666666667,0.9333333333333333,false,0.989,0.011
v3_human_scenario_majority,language,ja,pooled_primary_models,Authority/Subversion,5,15,10000,20260972,0.26740666666666835,-0.06666666666666667,0.5333333333333333,true,0.9483,0.0517
v3_human_scenario_majority,language,ar,pooled_primary_models,Authority/Subversion,5,15,10000,20260973,0.4713199999999727,0,0.9333333333333333,true,0.9588,0.0412
v3_human_scenario_majority,language,all,pooled_primary_models,Authority/Subversion,5,90,10000,20260974,0.4098711111111148,0.18888888888888888,0.7444444444444445,false,1,0
v3_human_scenario_majority,framing,hi,pooled_primary_models,Authority/Subversion,5,15,10000,20260975,-0.3249333333333506,-1.3333333333333333,0.6666666666666666,true,0.1437,0.8563
v3_human_scenario_majority,framing,bn,pooled_primary_models,Authority/Subversion,5,15,10000,20260976,-0.13356666666666409,-0.26666666666666666,0,true,0,1
v3_human_scenario_majority,framing,ta,pooled_primary_models,Authority/Subversion,5,15,10000,20260977,0.1984599999999951,-0.3333333333333333,0.8,true,0.6948,0.3052
v3_human_scenario_majority,framing,es,pooled_primary_models,Authority/Subversion,5,15,10000,20260978,-0.5986733333332945,-1.1333333333333333,-0.06666666666666667,false,0,1
v3_human_scenario_majority,framing,ja,pooled_primary_models,Authority/Subversion,5,15,10000,20260979,-0.06810666666667003,-0.6,0.6666666666666666,true,0.3351,0.6649
v3_human_scenario_majority,framing,ar,pooled_primary_models,Authority/Subversion,5,15,10000,20260980,0.4039266666666622,-0.6666666666666666,1.6666666666666667,true,0.7215,0.2785
v3_human_scenario_majority,framing,all,pooled_primary_models,Authority/Subversion,5,90,10000,20260981,-0.08952666666667207,-0.5333333333333333,0.35555555555555557,true,0.3557,0.6443
v3_human_scenario_majority,reasoning,hi,pooled_primary_models,Authority/Subversion,5,15,10000,20260982,-0.4009066666666863,-1,0.2,true,0.0871,0.9129
v3_human_scenario_majority,reasoning,bn,pooled_primary_models,Authority/Subversion,5,15,10000,20260983,-0.33384666666671137,-0.5333333333333333,-0.13333333333333333,false,0,1
v3_human_scenario_majority,reasoning,ta,pooled_primary_models,Authority/Subversion,5,15,10000,20260984,0.0652866666666664,-0.4,0.6,true,0.5365,0.4635
v3_human_scenario_majority,reasoning,es,pooled_primary_models,Authority/Subversion,5,15,10000,20260985,-0.5999933333333216,-0.8,-0.4,false,0,1
v3_human_scenario_majority,reasoning,ja,pooled_primary_models,Authority/Subversion,5,15,10000,20260986,0.20057333333333344,0.06666666666666667,0.3333333333333333,false,0.9898,0.0102
v3_human_scenario_majority,reasoning,ar,pooled_primary_models,Authority/Subversion,5,15,10000,20260987,-0.3988266666667028,-0.7333333333333333,-0.06666666666666667,false,0,1
v3_human_scenario_majority,reasoning,all,pooled_primary_models,Authority/Subversion,5,90,10000,20260988,-0.24437222222222427,-0.4222222222222222,-0.06666666666666667,false,0,1
v3_human_scenario_majority,language,hi,pooled_primary_models,Fairness/Cheating,10,30,10000,20260989,-0.03352666666666717,-0.26666666666666666,0.16666666666666666,true,0.3273,0.6727
v3_human_scenario_majority,language,bn,pooled_primary_models,Fairness/Cheating,10,30,10000,20260990,0.1001633333333337,-0.1,0.3333333333333333,true,0.7498,0.2502
v3_human_scenario_majority,language,ta,pooled_primary_models,Fairness/Cheating,10,30,10000,20260991,-0.0663566666666664,-0.3333333333333333,0.2,true,0.2798,0.7202
v3_human_scenario_majority,language,es,pooled_primary_models,Fairness/Cheating,10,30,10000,20260992,0.06680333333333334,-0.13333333333333333,0.26666666666666666,true,0.6786,0.3214
v3_human_scenario_majority,language,ja,pooled_primary_models,Fairness/Cheating,10,30,10000,20260993,-0.3341300000000096,-0.5,-0.16666666666666666,false,0,1
v3_human_scenario_majority,language,ar,pooled_primary_models,Fairness/Cheating,10,30,10000,20260994,-0.2656833333332596,-0.5333333333333333,0,true,0.0167,0.9833
v3_human_scenario_majority,language,all,pooled_primary_models,Fairness/Cheating,10,180,10000,20260995,-0.0894444444444452,-0.26666666666666666,0.08888888888888889,true,0.1557,0.8443
v3_human_scenario_majority,framing,hi,pooled_primary_models,Fairness/Cheating,10,30,10000,20260996,-0.1987900000000092,-0.4666666666666667,0.06666666666666667,true,0.0525,0.9475
v3_human_scenario_majority,framing,bn,pooled_primary_models,Fairness/Cheating,10,30,10000,20260997,-0.26906666666659984,-0.6,0,true,0,1
v3_human_scenario_majority,framing,ta,pooled_primary_models,Fairness/Cheating,10,30,10000,20260998,-0.36664666666667345,-0.8333333333333334,0.03333333333333333,true,0.0287,0.9713
v3_human_scenario_majority,framing,es,pooled_primary_models,Fairness/Cheating,10,30,10000,20260999,-0.46861333333333316,-0.7333333333333333,-0.2,false,0,1
v3_human_scenario_majority,framing,ja,pooled_primary_models,Fairness/Cheating,10,30,10000,20261000,0.13228333333333442,-0.1341666666666659,0.4666666666666667,true,0.764,0.236
v3_human_scenario_majority,framing,ar,pooled_primary_models,Fairness/Cheating,10,30,10000,20261001,-0.336283333333345,-0.9666666666666667,0.26666666666666666,true,0.1339,0.8661
v3_human_scenario_majority,framing,all,pooled_primary_models,Fairness/Cheating,10,180,10000,20261002,-0.25048444444444906,-0.35,-0.13333333333333333,false,0.0001,0.9999
v3_human_scenario_majority,reasoning,hi,pooled_primary_models,Fairness/Cheating,10,30,10000,20261003,0.03367999999999993,-0.13333333333333333,0.26666666666666666,true,0.5274,0.4726
v3_human_scenario_majority,reasoning,bn,pooled_primary_models,Fairness/Cheating,10,30,10000,20261004,0.034086666666665516,-0.06666666666666667,0.13333333333333333,true,0.6235,0.3765
v3_human_scenario_majority,reasoning,ta,pooled_primary_models,Fairness/Cheating,10,30,10000,20261005,0.10114000000000241,-0.06666666666666667,0.3,true,0.8151,0.1849
v3_human_scenario_majority,reasoning,es,pooled_primary_models,Fairness/Cheating,10,30,10000,20261006,-0.1331800000000031,-0.3333333333333333,0.1,true,0.1038,0.8962
v3_human_scenario_majority,reasoning,ja,pooled_primary_models,Fairness/Cheating,10,30,10000,20261007,0.3348699999999921,0.2,0.4666666666666667,false,1,0
v3_human_scenario_majority,reasoning,ar,pooled_primary_models,Fairness/Cheating,10,30,10000,20261008,0.43384666666667654,0.2,0.6666666666666666,false,0.9999,0.0001
v3_human_scenario_majority,reasoning,all,pooled_primary_models,Fairness/Cheating,10,180,10000,20261009,0.13318388888888877,0.016666666666666666,0.25555555555555554,false,0.9853,0.0147
v3_human_scenario_majority,language,hi,pooled_primary_models,Sanctity/Degradation,9,27,10000,20261010,0.14754814814815367,-0.037037037037037035,0.3333333333333333,true,0.9227,0.0773
v3_human_scenario_majority,language,bn,pooled_primary_models,Sanctity/Degradation,9,27,10000,20261011,0.14917407407406655,-0.1111111111111111,0.4074074074074074,true,0.8184,0.1816
v3_human_scenario_majority,language,ta,pooled_primary_models,Sanctity/Degradation,9,27,10000,20261012,-0.1485666666666491,-0.3333333333333333,0.037037037037037035,true,0.0316,0.9684
v3_human_scenario_majority,language,es,pooled_primary_models,Sanctity/Degradation,9,27,10000,20261013,-0.07364444444444009,-0.3333333333333333,0.25925925925925924,true,0.2681,0.7319
v3_human_scenario_majority,language,ja,pooled_primary_models,Sanctity/Degradation,9,27,10000,20261014,0.036555555555556,-0.2222222222222222,0.3333333333333333,true,0.5465,0.4535
v3_human_scenario_majority,language,ar,pooled_primary_models,Sanctity/Degradation,9,27,10000,20261015,0.18534444444444584,-0.14814814814814814,0.5925925925925926,true,0.8037,0.1963
v3_human_scenario_majority,language,all,pooled_primary_models,Sanctity/Degradation,9,162,10000,20261016,0.049610493827160575,-0.1419753086419753,0.2716049382716049,true,0.6475,0.3525
v3_human_scenario_majority,framing,hi,pooled_primary_models,Sanctity/Degradation,9,27,10000,20261017,0.00015925925926046143,-0.2222222222222222,0.2962962962962963,true,0.4035,0.5965
v3_human_scenario_majority,framing,bn,pooled_primary_models,Sanctity/Degradation,9,27,10000,20261018,-0.22231111111112392,-0.5925925925925926,0.14814814814814814,true,0.1052,0.8948
v3_human_scenario_majority,framing,ta,pooled_primary_models,Sanctity/Degradation,9,27,10000,20261019,-0.18497407407405472,-0.4074074074074074,0.037037037037037035,true,0.0265,0.9735
v3_human_scenario_majority,framing,es,pooled_primary_models,Sanctity/Degradation,9,27,10000,20261020,-0.48147777777778167,-0.8888888888888888,-0.1111111111111111,false,0.0011,0.9989
v3_human_scenario_majority,framing,ja,pooled_primary_models,Sanctity/Degradation,9,27,10000,20261021,-0.1100444444444468,-0.3333333333333333,0.07407407407407407,true,0.1111,0.8889
v3_human_scenario_majority,framing,ar,pooled_primary_models,Sanctity/Degradation,9,27,10000,20261022,-0.5922407407407755,-1.1111111111111112,-0.18518518518518517,false,0,1
v3_human_scenario_majority,framing,all,pooled_primary_models,Sanctity/Degradation,9,162,10000,20261023,-0.2665956790123472,-0.48148148148148145,-0.06790123456790123,false,0.0019,0.9981
v3_human_scenario_majority,reasoning,hi,pooled_primary_models,Sanctity/Degradation,9,27,10000,20261024,-0.03631111111110915,-0.14814814814814814,0.07407407407407407,true,0.185,0.815
v3_human_scenario_majority,reasoning,bn,pooled_primary_models,Sanctity/Degradation,9,27,10000,20261025,0.0735592592592585,-0.07407407407407407,0.2222222222222222,true,0.7878,0.2122
v3_human_scenario_majority,reasoning,ta,pooled_primary_models,Sanctity/Degradation,9,27,10000,20261026,0.1476888888888948,-0.037037037037037035,0.3333333333333333,true,0.9225,0.0775
v3_human_scenario_majority,reasoning,es,pooled_primary_models,Sanctity/Degradation,9,27,10000,20261027,-0.1115888888888891,-0.37037037037037035,0.1111111111111111,true,0.1507,0.8493
v3_human_scenario_majority,reasoning,ja,pooled_primary_models,Sanctity/Degradation,9,27,10000,20261028,0.03701481481481527,-0.07407407407407407,0.14814814814814814,true,0.6165,0.3835
v3_human_scenario_majority,reasoning,ar,pooled_primary_models,Sanctity/Degradation,9,27,10000,20261029,0.14763703703704137,0.037037037037037035,0.2962962962962963,false,0.9768,0.0232
v3_human_scenario_majority,reasoning,all,pooled_primary_models,Sanctity/Degradation,9,162,10000,20261030,0.043386419753087435,-0.037037037037037035,0.12345679012345678,true,0.8363,0.1637
