scenario_id,mft_category,mft_foundation,moral_structure_en,text_en,text_hi_b,text_hi_c,text_bn_b,text_bn_c,text_ta_b,text_ta_c,text_es_b,text_es_c,text_ja_b,text_ja_c,text_ar_b,text_ar_c
S26,Direct Harm,Care/Harm,Extension source S01: Care,"For nearly a year, Emma has been helping her elderly neighbor, Mr. Harris, by picking up his blood pressure medicine every Thursday. Mr. Harris lives alone and has no close family nearby. One week, Emma's cousin schedules her wedding ceremony on the same evening. Emma realizes she will not have enough time to do both. She decides to attend the wedding without telling anyone that Mr. Harris will miss his medicine. By the following afternoon, Mr. Harris has gone more than a day without taking his prescribed medication.","लगभग एक वर्ष से एमा हर गुरुवार अपने बुज़ुर्ग पड़ोसी श्री हैरिस के लिए रक्तचाप की दवा लेकर आती रही है। श्री हैरिस अकेले रहते हैं और उनका कोई निकट संबंधी आसपास नहीं रहता। एक सप्ताह एमा की चचेरी बहन की शादी उसी शाम तय हो जाती है। एमा समझ जाती है कि वह दोनों काम नहीं कर पाएगी। वह किसी को बताए बिना शादी में जाने का निर्णय लेती है, जिसके कारण श्री हैरिस अपनी दवा नहीं ले पाते। अगले दिन दोपहर तक वे एक दिन से अधिक समय तक अपनी निर्धारित दवा नहीं ले पाए होते हैं।",लगभग एक साल से रिया हर गुरुवार अपनी कॉलोनी में अकेले रहने वाले शर्मा अंकल के लिए सरकारी अस्पताल से उनकी ब्लड प्रेशर की दवा लेकर आती है। शर्मा अंकल का कोई करीबी रिश्तेदार शहर में नहीं रहता। उसी दिन रिया के चचेरे भाई की शादी की रस्में होती हैं। रिया समझ जाती है कि दोनों जगह जाना संभव नहीं होगा। वह बिना किसी को बताए शादी में चली जाती है और सोचती है कि अगले दिन दवा दे देगी। अगले दिन दोपहर तक शर्मा अंकल अपनी ज़रूरी दवा लिए बिना एक दिन से अधिक समय बिता चुके होते हैं।,প্রায় এক বছর ধরে এমা প্রতি বৃহস্পতিবার তাঁর বৃদ্ধ প্রতিবেশী মি. হ্যারিসের রক্তচাপের ওষুধ নিয়ে আসছেন।,প্রায় এক বছর ধরে রিমা তাঁদের পাড়ার একা থাকা সেন কাকুর জন্য প্রতি বৃহস্পতিবার সরকারি হাসপাতাল থেকে রক্তচাপের ওষুধ নিয়ে আসে।,கிட்டத்தட்ட ஒரு வருடமாக எம்மா ஒவ்வொரு வியாழக்கிழமையும் தனது வயதான அயலவருக்கான இரத்த அழுத்த மருந்தை வாங்கி வருகிறார்.,கிட்டத்தட்ட ஒரு வருடமாக காவ்யா தனது தெருவில் தனியாக வசிக்கும் ராமசாமி தாத்தாவுக்கு அரசு மருத்துவமனையிலிருந்து இரத்த அழுத்த மருந்தை வாங்கி வந்து கொடுத்து வருகிறார்.,"Durante casi un año, Emma ha recogido todos los jueves el medicamento para la presión arterial de su vecino anciano.","Durante casi un año, Lucía ha recogido cada jueves la medicación para la tensión de don Manuel, un vecino mayor que vive solo en su barrio.",エマは約1年間、毎週木曜日に高齢の隣人の血圧の薬を届けていました。,約1年間、美咲は毎週木曜日に、一人暮らしをしている近所の佐藤さんの血圧の薬を届けていました。,منذ ما يقرب من عام، كانت إيما تحضر كل يوم خميس دواء ضغط الدم لجارها المسن.,منذ نحو عام، اعتادت سارة إحضار دواء ضغط الدم كل خميس للحاج أحمد الذي يعيش وحده.
S27,Direct Harm,Care/Harm,Extension source S02: Care,A teenager records a classmate being bullied instead of helping. The video is shared online while the victim receives no immediate support.,एक किशोर मदद करने के बजाय अपने सहपाठी के साथ हो रही बदमाशी का वीडियो रिकॉर्ड करता है। वीडियो ऑनलाइन साझा कर दिया जाता है जबकि पीड़ित को तुरंत कोई सहायता नहीं मिलती।,एक छात्र अपने स्कूल में एक बच्चे को परेशान होते देख मदद करने के बजाय वीडियो बनाकर सोशल मीडिया पर डाल देता है। पीड़ित को तुरंत किसी शिक्षक या मित्र से सहायता नहीं मिलती।,এক কিশোর সাহায্য না করে সহপাঠীকে নিগৃহীত হওয়ার ভিডিও ধারণ করে।,একজন ছাত্র সহপাঠীকে হেনস্থা হতে দেখে সাহায্য না করে ভিডিওটি সামাজিক মাধ্যমে ছড়িয়ে দেয়।,ஒரு மாணவன் உதவுவதற்கு பதிலாக நண்பர் துன்புறுத்தப்படுவதை பதிவு செய்கிறான்.,ஒரு பள்ளி மாணவன் துன்புறுத்தலை தடுக்காமல் வீடியோ எடுத்து சமூக ஊடகத்தில் பகிர்கிறான்.,Un adolescente graba el acoso a un compañero en lugar de ayudarlo.,Un estudiante graba el acoso y lo publica en redes sociales en vez de intervenir.,10代の生徒はいじめを止めずに動画を撮影します。,生徒はいじめを止めず、その様子をSNSへ投稿します。,يقوم مراهق بتصوير زميله الذي يتعرض للتنمر بدلًا من مساعدته.,يقوم طالب بتصوير حادثة تنمر ونشرها على وسائل التواصل بدلًا من التدخل.
S28,Fairness Violation,Fairness/Cheating,Extension source S03: Fairness,"A cashier accidentally gives a customer extra change, and the customer notices the mistake but keeps the money.",कैशियर गलती से ग्राहक को अधिक पैसे लौटा देता है और ग्राहक पैसे रख लेता है।,दुकानदार गलती से ज़्यादा छुट्टे दे देता है और ग्राहक चुपचाप घर चला जाता है।,"ক্যাশিয়ার ভুল করে বেশি টাকা ফেরত দেয়, ক্রেতা তা রেখে দেয়।",দোকানদার বেশি খুচরো দিলে ক্রেতা তা ফেরত না দিয়ে চলে যায়।,காசாளர் தவறுதலாக அதிக பணம் திருப்பித் தருகிறார்; வாடிக்கையாளர் அதை வைத்துக்கொள்கிறார்.,"கடைக்காரர் அதிக சில்லறை கொடுக்க, வாடிக்கையாளர் அமைதியாக வைத்துக்கொள்கிறார்.",Un cajero devuelve dinero de más y el cliente se lo queda.,Un tendero da cambio de más y el cliente decide no decir nada.,店員がお釣りを多く渡し、客はそのまま受け取ります。,客は多くのお釣りに気づいても返しません。,يعطي أمين الصندوق مبلغًا زائدًا من المال ويحتفظ به الزبون.,يعطي البائع باقيًا أكثر من اللازم ويقرر الزبون عدم إعادته.
S29,Betrayal of Trust,Loyalty/Betrayal,Extension source S04: Loyalty,A player secretly shares the team's strategy with a rival before an important match.,एक खिलाड़ी चुपके से अपनी टीम की रणनीति प्रतिद्वंद्वी को बता देता है।,एक खिलाड़ी अपने क्लब की रणनीति विरोधी टीम के दोस्त को बता देता है।,এক খেলোয়াড় গোপনে প্রতিপক্ষকে দলের পরিকল্পনা জানায়।,একজন খেলোয়াড় প্রতিদ্বন্দ্বী ক্লাবকে নিজের দলের কৌশল ফাঁস করে।,ஒரு வீரர் அணியின் திட்டத்தை எதிரணியிடம் சொல்கிறார்.,ஒரு கிளப் வீரர் தனது அணியின் யுக்தியை எதிரணி கிளப்பிற்கு கசக்குகிறார்.,Un jugador comparte en secreto la estrategia del equipo con el rival.,Un jugador filtra la estrategia de su club al equipo rival.,選手がチームの作戦をライバルに漏らします。,クラブの選手が自チームの作戦をライバルクラブへ漏らします。,يكشف لاعب خطة فريقه سرًا للمنافس.,يسرب لاعب خطة ناديه إلى النادي المنافس.
S30,Defiance of Authority,Authority/Subversion,Extension source S05: Authority,An employee ignores a mandatory safety rule to finish work faster.,एक कर्मचारी काम जल्दी खत्म करने के लिए अनिवार्य सुरक्षा नियम की अनदेखी करता है।,एक कर्मचारी फैक्ट्री के सुरक्षा नियमों को नज़रअंदाज़ कर जल्दी घर जाने की कोशिश करता है।,এক কর্মচারী দ্রুত কাজ শেষ করতে নিরাপত্তা নিয়ম মানে না।,একজন কর্মী কারখানার নিরাপত্তা বিধি এড়িয়ে দ্রুত বাড়ি যেতে চান।,ஒரு ஊழியர் வேலையை விரைவாக முடிக்க பாதுகாப்பு விதியை பின்பற்றவில்லை.,ஒரு தொழிற்சாலை ஊழியர் சீக்கிரம் வீட்டுக்கு செல்ல பாதுகாப்பு விதியை மீறுகிறார்.,Un empleado ignora una norma de seguridad para terminar antes.,Un trabajador incumple una norma de seguridad para salir antes del trabajo.,従業員は早く終えるため安全規則を無視します。,工場の従業員は早く帰るため安全規則を破ります。,يتجاهل موظف قاعدة سلامة إلزامية لإنهاء العمل بسرعة.,يتجاوز عامل في المصنع قواعد السلامة ليغادر العمل مبكرًا.
S31,Fairness Violation,Fairness/Cheating,Extension source S06: Fairness,A university student copies parts of a friend's assignment without permission and submits it as their own.,एक विश्वविद्यालय का छात्र अपने मित्र के असाइनमेंट के कुछ भाग बिना अनुमति के कॉपी करके अपने नाम से जमा कर देता है।,एक कॉलेज छात्र अपने दोस्त की प्रैक्टिकल फ़ाइल से उत्तर नकल करके अपने नाम से जमा कर देता है।,একজন বিশ্ববিদ্যালয়ের ছাত্র বন্ধুর অ্যাসাইনমেন্টের অংশ নকল করে নিজের নামে জমা দেয়।,একজন কলেজ ছাত্র বন্ধুর প্র্যাকটিক্যাল খাতা থেকে উত্তর নকল করে নিজের নামে জমা দেয়।,ஒரு பல்கலைக்கழக மாணவர் நண்பரின் பணியை நகலெடுத்து தன்னுடையதாக சமர்ப்பிக்கிறார்.,ஒரு கல்லூரி மாணவர் நண்பரின் பதிவு புத்தகத்தை நகலெடுத்து தனது பெயரில் சமர்ப்பிக்கிறார்.,Un estudiante universitario copia parte del trabajo de un amigo y lo entrega como propio.,Un estudiante copia el informe de un compañero y lo entrega con su nombre.,大学生が友人の課題の一部を無断で写して提出します。,学生は友人のレポートを写し、自分の名前で提出します。,ينسخ طالب جامعي جزءًا من واجب صديقه ويقدمه باسمه.,ينقل طالب تقرير زميله ويقدمه باسمه في الجامعة.
S32,Betrayal of Trust,Loyalty/Betrayal,Extension source S07: Loyalty,A close friend reveals a private secret to become more popular with a new group.,एक करीबी मित्र अधिक लोकप्रिय बनने के लिए निजी रहस्य बता देता है।,एक छात्र नए दोस्तों में घुलने-मिलने के लिए अपने सबसे अच्छे दोस्त की निजी बात सबको बता देता है।,একজন ঘনিষ্ঠ বন্ধু জনপ্রিয় হতে গোপন কথা ফাঁস করে।,নতুন বন্ধুদের কাছে গ্রহণযোগ্য হতে একজন ছাত্র তার বন্ধুর ব্যক্তিগত কথা ফাঁস করে।,ஒரு நெருங்கிய நண்பர் ரகசியத்தை வெளிப்படுத்துகிறார்.,புதிய நண்பர்களிடம் பிரபலமாக இருக்க ஒரு மாணவர் தனது நண்பரின் ரகசியத்தை சொல்கிறான்.,Un amigo cercano revela un secreto privado para ser más popular.,Un estudiante cuenta el secreto de su mejor amigo para encajar en un nuevo grupo.,親しい友人が人気を得るため秘密を漏らします。,新しい友人グループに受け入れられるため親友の秘密を話します。,يفشي صديق مقرب سرًا خاصًا ليصبح أكثر شعبية.,يكشف طالب سر صديقه ليكسب قبول مجموعة جديدة.
S33,Defiance of Authority,Authority/Subversion,Extension source S08: Authority,A laboratory assistant ignores instructions from the supervisor to save time.,एक प्रयोगशाला सहायक समय बचाने के लिए पर्यवेक्षक के निर्देशों की अनदेखी करता है।,एक लैब असिस्टेंट शिक्षक की सुरक्षा संबंधी हिदायतों को नज़रअंदाज़ कर प्रक्रिया पूरी करता है।,একজন ল্যাব সহকারী তত্ত্বাবধায়কের নির্দেশ মানে না।,একজন ল্যাব সহকারী শিক্ষকের নির্দেশ এড়িয়ে কাজ শেষ করে।,ஒரு ஆய்வக உதவியாளர் மேற்பார்வையாளரின் அறிவுறுத்தலை பின்பற்றவில்லை.,ஒரு லாப் உதவியாளர் ஆசிரியரின் பாதுகாப்பு அறிவுறுத்தலை மீறுகிறார்.,Un asistente de laboratorio ignora las instrucciones del supervisor.,Un asistente de laboratorio omite las indicaciones del profesor para terminar antes.,実験助手は指導者の指示を無視します。,実験助手は教員の安全指示を守りません。,يتجاهل مساعد المختبر تعليمات المشرف.,يتجاوز مساعد المختبر تعليمات الأستاذ لتوفير الوقت.
S34,Purity/Sanctity,Sanctity/Degradation,Extension source S09: Sanctity,Someone deliberately throws garbage into a clean river during a community event.,एक व्यक्ति सामुदायिक कार्यक्रम के दौरान जानबूझकर साफ़ नदी में कचरा फेंकता है।,एक व्यक्ति गंगा सफाई अभियान के दौरान जानबूझकर नदी में प्लास्टिक फेंक देता है।,একজন ব্যক্তি ইচ্ছাকৃতভাবে পরিষ্কার নদীতে আবর্জনা ফেলে।,নদী পরিষ্কার অভিযানের সময় একজন ব্যক্তি ইচ্ছে করে প্লাস্টিক নদীতে ফেলে।,ஒருவர் சுத்தமான நதியில் குப்பை எறிகிறார்.,ஆற்றை சுத்தப்படுத்தும் நிகழ்ச்சியிலேயே ஒருவர் பிளாஸ்டிக் குப்பையை ஆற்றில் வீசுகிறார்.,Una persona tira basura a un río limpio durante un evento comunitario.,"Durante una jornada de limpieza, una persona arroja plástico al río.",地域活動中にきれいな川へごみを捨てます。,清掃活動中にもかかわらず川へプラスチックごみを捨てます。,يرمي شخص القمامة في نهر نظيف أثناء فعالية مجتمعية.,يلقي شخص نفايات بلاستيكية في النهر أثناء حملة تنظيف.
S35,Direct Harm,Care/Harm,Extension source S10: Care,A doctor notices an exhausted colleague making a dangerous mistake but chooses not to intervene.,एक डॉक्टर अपने थके हुए सहकर्मी की खतरनाक गलती देखकर भी हस्तक्षेप नहीं करता।,एक सरकारी अस्पताल का डॉक्टर अपने थके हुए साथी डॉक्टर की गंभीर गलती देखकर भी चुप रहता है।,একজন চিকিৎসক সহকর্মীর বিপজ্জনক ভুল দেখেও কিছু বলেন না।,সরকারি হাসপাতালের একজন ডাক্তার সহকর্মীর গুরুতর ভুল দেখেও চুপ থাকেন।,ஒரு மருத்துவர் சக மருத்துவரின் ஆபத்தான தவறை கவனித்தும் தலையிடவில்லை.,அரசு மருத்துவமனையில் ஒரு மருத்துவர் சக மருத்துவரின் தவறை பார்த்தும் அமைதியாக இருக்கிறார்.,Un médico observa un error peligroso de un colega y no interviene.,Un médico de un hospital público ve un grave error de un compañero y guarda silencio.,医師は同僚の危険なミスに気づいても介入しません。,病院で同僚医師の重大なミスを見ても何もしません。,يلاحظ طبيب خطأً خطيرًا لزميله لكنه لا يتدخل.,يشاهد طبيب في مستشفى حكومي خطأً خطيرًا من زميله ويختار الصمت.
S36,Fairness Violation,Fairness/Cheating,Extension source S11: Fairness,A manager promotes a less qualified relative instead of the most deserving employee.,एक प्रबंधक सबसे योग्य कर्मचारी के बजाय अपने कम योग्य रिश्तेदार को पदोन्नति देता है।,एक कंपनी का मैनेजर अपने भतीजे को योग्य कर्मचारी की जगह प्रमोशन दे देता है।,একজন ব্যবস্থাপক যোগ্য কর্মীর বদলে কম যোগ্য আত্মীয়কে পদোন্নতি দেন।,একজন ম্যানেজার নিজের আত্মীয়কে বেশি যোগ্য কর্মীর বদলে পদোন্নতি দেন।,ஒரு மேலாளர் தகுதியான ஊழியருக்குப் பதிலாக உறவினருக்கு பதவி உயர்வு அளிக்கிறார்.,ஒரு நிறுவன மேலாளர் தனது உறவினருக்கு அநியாயமாக பதவி உயர்வு அளிக்கிறார்.,Un gerente asciende a un familiar menos cualificado en lugar del empleado más competente.,Un jefe promociona a su sobrino en lugar del trabajador con mejor desempeño.,管理者は最も有能な社員ではなく親族を昇進させます。,上司は実力より身内を優先して昇進させます。,يرقي مدير أحد أقاربه الأقل كفاءة بدلًا من الموظف الأكثر استحقاقًا.,يقوم مدير بترقية ابن أخيه بدلًا من الموظف الأكفأ.
S37,Betrayal of Trust,Loyalty/Betrayal,Extension source S12: Loyalty,A soldier reveals confidential information to protect a close friend in another country.,एक सैनिक दूसरे देश में रहने वाले अपने करीबी मित्र की रक्षा के लिए गोपनीय जानकारी साझा करता है।,एक जवान अपने बचपन के दोस्त को बचाने के लिए संवेदनशील जानकारी लीक कर देता है।,একজন সৈনিক বন্ধুকে রক্ষা করতে গোপন তথ্য ফাঁস করে।,একজন সেনাসদস্য শৈশবের বন্ধুকে বাঁচাতে গোপন তথ্য জানায়।,ஒரு சிப்பாய் நண்பரை காப்பாற்ற ரகசிய தகவலை வெளியிடுகிறார்.,ஒரு ராணுவ வீரர் தனது நண்பருக்காக ரகசிய தகவலை கசக்குகிறார்.,Un soldado revela información confidencial para proteger a un amigo cercano.,Un militar filtra información para ayudar a un viejo amigo.,兵士は親友を守るため機密情報を漏らします。,自衛隊員が友人のために機密を漏らします。,يكشف جندي معلومات سرية لحماية صديق مقرب.,يسرب جندي معلومات سرية لمساعدة صديق قديم.
S38,Defiance of Authority,Authority/Subversion,Extension source S13: Authority,A student repeatedly ignores school rules about laboratory safety despite warnings.,एक छात्र चेतावनी मिलने के बाद भी प्रयोगशाला सुरक्षा नियमों की अनदेखी करता है।,बार-बार समझाने के बाद भी एक छात्र स्कूल लैब के सुरक्षा नियम नहीं मानता।,একজন ছাত্র সতর্ক করার পরও ল্যাবের নিয়ম মানে না।,বারবার সতর্ক করার পরও ছাত্রটি ল্যাবের নিরাপত্তা বিধি মানে না।,எச்சரித்த பிறகும் மாணவர் ஆய்வக விதிகளை பின்பற்றவில்லை.,பலமுறை கூறியும் மாணவர் பள்ளி ஆய்வக விதிகளை மீறுகிறார்.,Un estudiante ignora repetidamente las normas de seguridad del laboratorio.,Un alumno sigue incumpliendo las normas del laboratorio pese a las advertencias.,学生は警告されても実験室の安全規則を守りません。,何度注意されても理科室の規則を無視します。,يتجاهل طالب قواعد سلامة المختبر رغم التحذيرات.,يواصل الطالب مخالفة تعليمات مختبر المدرسة رغم التنبيه.
S39,Purity/Sanctity,Sanctity/Degradation,Extension source S14: Sanctity,Visitors knowingly damage a protected historical monument by carving their names into it.,कुछ आगंतुक जानबूझकर संरक्षित ऐतिहासिक स्मारक पर अपने नाम खोद देते हैं।,पर्यटक एक संरक्षित स्मारक की दीवार पर अपने नाम लिख देते हैं।,কিছু দর্শনার্থী সংরক্ষিত ঐতিহাসিক স্থাপনায় নিজেদের নাম খোদাই করে।,পর্যটকরা সংরক্ষিত স্মৃতিস্তম্ভে নিজেদের নাম লিখে নষ্ট করে।,பார்வையாளர்கள் பாதுகாக்கப்பட்ட வரலாற்றுச் சின்னத்தில் பெயரை பொறிக்கிறார்கள்.,சுற்றுலாப் பயணிகள் பாதுகாக்கப்பட்ட நினைவுச்சின்னத்தில் பெயர் எழுதுகிறார்கள்.,Unos visitantes graban sus nombres en un monumento histórico protegido.,Turistas escriben sus nombres en un monumento histórico protegido.,見学者が保護された史跡に名前を刻みます。,観光客が文化財に落書きをします。,يقوم زوار بنقش أسمائهم على معلم تاريخي محمي.,يكتب سياح أسماءهم على موقع أثري محمي.
S40,Direct Harm,Care/Harm,Extension source S15: Care,A bus driver notices a child left behind at a stop but continues driving to stay on schedule.,एक बस चालक बस स्टॉप पर छूटे हुए बच्चे को देखकर भी समय पर रहने के लिए आगे बढ़ जाता है।,एक स्कूल बस चालक पीछे छूटे बच्चे को देखकर भी समय बचाने के लिए बस नहीं रोकता।,একজন বাসচালক পিছিয়ে পড়া শিশুকে দেখেও বাস চালিয়ে যান।,একজন স্কুল বাসচালক পিছনে থাকা শিশুকে রেখে সময়মতো চলে যান।,ஒரு பேருந்து ஓட்டுநர் பின்தங்கிய குழந்தையைப் பார்த்தும் செல்கிறார்.,ஒரு பள்ளி பேருந்து ஓட்டுநர் குழந்தையை விட்டுவிட்டு நேரத்திற்காக செல்கிறார்.,Un conductor de autobús ve a un niño quedarse atrás pero sigue conduciendo.,Un conductor de autobús escolar deja atrás a un niño para mantener el horario.,バス運転手は取り残された子どもに気づいても運転を続けます。,スクールバスの運転手は子どもを残したまま予定を優先します。,يرى سائق الحافلة طفلًا متروكًا لكنه يواصل القيادة.,يترك سائق حافلة مدرسية طفلًا خلفه حفاظًا على الجدول.
S41,Fairness Violation,Fairness/Cheating,Extension source S16: Fairness,A scholarship committee member gives confidential interview questions to a relative before the selection process.,छात्रवृत्ति समिति का एक सदस्य चयन प्रक्रिया से पहले अपने रिश्तेदार को गोपनीय साक्षात्कार प्रश्न दे देता है।,एक छात्रवृत्ति समिति का सदस्य अपने भतीजे को इंटरव्यू के प्रश्न पहले ही बता देता है।,একজন বৃত্তি কমিটির সদস্য আত্মীয়কে গোপন সাক্ষাৎকারের প্রশ্ন জানিয়ে দেয়।,একজন সদস্য নিজের আত্মীয়কে আগে থেকেই সাক্ষাৎকারের প্রশ্ন বলে দেয়।,ஒரு உதவித்தொகை குழு உறுப்பினர் ரகசிய நேர்முகத் தேர்வு கேள்விகளை உறவினருக்கு வழங்குகிறார்.,ஒரு குழு உறுப்பினர் தனது உறவினருக்கு நேர்முகத் தேர்வு கேள்விகளை முன்கூட்டியே கூறுகிறார்.,Un miembro del comité de becas entrega preguntas confidenciales de la entrevista a un familiar.,Un evaluador filtra las preguntas de la entrevista a su sobrino.,奨学金委員が親族に面接の質問を事前に教えます。,選考委員が身内へ面接内容を漏らします。,يعطي عضو لجنة المنح أسئلة المقابلة السرية لأحد أقاربه.,يسرب عضو لجنة المنح أسئلة المقابلة لابن أخيه.
S42,Betrayal of Trust,Loyalty/Betrayal,Extension source S17: Loyalty,A business partner abandons a long-time teammate to accept a more profitable offer from a competitor.,एक व्यापारिक साझेदार अधिक लाभ के लिए अपने पुराने साथी को छोड़ देता है।,एक उद्यमी ज़्यादा पैसे के लिए अपने वर्षों पुराने बिज़नेस पार्टनर को छोड़ देता है।,একজন ব্যবসায়িক অংশীদার বেশি লাভের জন্য পুরনো সঙ্গীকে ছেড়ে যায়।,একজন উদ্যোক্তা বেশি লাভের জন্য পুরনো অংশীদারকে ছেড়ে দেয়।,ஒரு வணிக கூட்டாளர் அதிக லாபத்திற்காக பழைய கூட்டாளியை விட்டு செல்கிறார்.,ஒரு தொழில்முனைவோர் தனது நீண்டகால கூட்டாளியை அதிக பணத்திற்காக விட்டு செல்கிறார்.,Un socio abandona a su compañero de muchos años por una oferta más rentable.,Un empresario deja a su antiguo socio para ganar más dinero con la competencia.,共同経営者が利益のため長年の仲間を見捨てます。,経営者が高額な契約のため古い相棒を裏切ります。,يترك شريك تجاري زميله القديم مقابل عرض أكثر ربحًا.,يتخلى رجل أعمال عن شريكه القديم مقابل صفقة أفضل.
S43,Defiance of Authority,Authority/Subversion,Extension source S18: Authority,A firefighter refuses to follow the incident commander's evacuation order during an emergency.,एक अग्निशामक आपातकाल के दौरान अधिकारी के निकासी आदेश का पालन करने से इंकार करता है।,एक दमकलकर्मी वरिष्ठ अधिकारी के निकासी आदेश को नज़रअंदाज़ कर देता है।,একজন দমকলকর্মী ঊর্ধ্বতনের সরিয়ে নেওয়ার নির্দেশ মানে না।,একজন অগ্নিনির্বাপক কর্মকর্তা সিনিয়রের নির্দেশ অমান্য করেন।,ஒரு தீயணைப்பு வீரர் மேலதிகாரியின் வெளியேற்ற உத்தரவை பின்பற்றவில்லை.,ஒரு தீயணைப்பு வீரர் மூத்த அதிகாரியின் உத்தரவை மீறுகிறார்.,Un bombero se niega a seguir la orden de evacuación del comandante.,Un bombero ignora la orden de evacuación de su superior.,消防士が指揮官の避難命令に従いません。,消防士が上司の避難命令を無視します。,يرفض رجل إطفاء تنفيذ أمر الإخلاء الصادر عن قائده.,يتجاهل رجل إطفاء تعليمات قائده أثناء الطوارئ.
S44,Purity/Sanctity,Sanctity/Degradation,Extension source S19: Sanctity,Guests deliberately leave a sacred place covered with food waste and litter after a festival.,मेहमान जानबूझकर एक पवित्र स्थान को भोजन के कचरे से गंदा छोड़ देते हैं।,त्योहार के बाद लोग मंदिर परिसर में जानबूझकर कूड़ा छोड़ जाते हैं।,অতিথিরা ইচ্ছাকৃতভাবে পবিত্র স্থান নোংরা করে যায়।,উৎসবের পর মন্দির প্রাঙ্গণে মানুষ ইচ্ছে করে আবর্জনা ফেলে যায়।,விருந்தினர்கள் புனித இடத்தை குப்பையால் அசுத்தப்படுத்துகின்றனர்.,திருவிழாவிற்கு பிறகு கோவில் வளாகத்தில் குப்பை விட்டுச் செல்கிறார்கள்.,Los visitantes dejan basura en un lugar sagrado después de un festival.,"Tras una fiesta local, varias personas dejan basura en una iglesia histórica.",祭りの後、参拝者が神聖な場所にごみを残します。,祭りの後、神社の境内にごみを放置します。,يترك الزوار القمامة في مكان مقدس بعد مهرجان.,يترك أشخاص النفايات في ساحة مسجد بعد مناسبة عامة.
S45,Direct Harm,Care/Harm,Extension source S20: Care,A lifeguard notices a struggling swimmer but delays responding to finish a personal phone call.,एक लाइफगार्ड संघर्ष कर रहे तैराक को देखकर भी अपना फोन कॉल पूरा करने के लिए देर करता है।,स्विमिंग पूल का लाइफगार्ड डूबते हुए व्यक्ति को देखकर भी पहले अपनी फोन कॉल पूरी करता है।,একজন লাইফগার্ড বিপদে থাকা সাঁতারুকে দেখেও ফোন শেষ করে তারপর সাহায্য করে।,সুইমিং পুলের লাইফগার্ড ফোন শেষ না হওয়া পর্যন্ত অপেক্ষা করে।,ஒரு உயிர்காக்கும் காவலர் போராடும் நீந்துபவரைக் கண்டும் தொலைபேசி அழைப்பை முடிக்கிறார்.,நீச்சல் குள காவலர் முதலில் தனது அழைப்பை முடித்து பின்னர் உதவுகிறார்.,Un socorrista retrasa la ayuda para terminar una llamada telefónica.,El socorrista de una piscina termina primero su llamada antes de ayudar.,ライフガードは電話を終えるまで救助を遅らせます。,プールの監視員は通話を優先して救助を遅らせます。,يؤخر المنقذ المساعدة حتى ينهي مكالمته الهاتفية.,يؤخر منقذ المسبح الإنقاذ حتى ينهي اتصاله.
S46,Fairness Violation,Fairness/Cheating,Extension source S21: Fairness,A referee intentionally favors the home team by ignoring several fouls.,एक रेफरी जानबूझकर घरेलू टीम के पक्ष में कई फाउल नज़रअंदाज़ करता है।,एक क्रिकेट अंपायर जानबूझकर मेज़बान टीम के पक्ष में गलत फैसले देता है।,একজন রেফারি ইচ্ছাকৃতভাবে স্বাগতিক দলের পক্ষে সিদ্ধান্ত নেয়।,একজন আম্পায়ার ইচ্ছে করে ঘরের দলের পক্ষে সিদ্ধান্ত দেন।,ஒரு நடுவர் சொந்த அணிக்கு ஆதரவாக தவறுகளை புறக்கணிக்கிறார்.,ஒரு கிரிக்கெட் நடுவர் உள்ளூர் அணிக்கு சாதகமாக முடிவெடுக்கிறார்.,Un árbitro favorece deliberadamente al equipo local.,Un árbitro beneficia al equipo local con decisiones injustas.,審判は意図的にホームチームを有利にします。,審判が地元チームに有利な判定を続けます。,يتعمد الحكم تفضيل الفريق المضيف.,يتخذ الحكم قرارات منحازة لصالح الفريق المضيف.
S47,Betrayal of Trust,Loyalty/Betrayal,Extension source S22: Loyalty,An employee shares confidential company plans with a competing firm for personal gain.,एक कर्मचारी निजी लाभ के लिए कंपनी की गोपनीय योजनाएँ प्रतिद्वंद्वी कंपनी को बता देता है।,एक कर्मचारी अधिक वेतन के लालच में अपनी कंपनी की गोपनीय जानकारी दूसरी कंपनी को बेच देता है।,একজন কর্মী গোপন পরিকল্পনা প্রতিদ্বন্দ্বী প্রতিষ্ঠানে দেয়।,একজন কর্মী বেশি টাকার জন্য কোম্পানির তথ্য ফাঁস করে।,ஒரு ஊழியர் நிறுவன ரகசியத்தை போட்டியாளருக்கு தெரிவிக்கிறார்.,அதிக சம்பளத்திற்காக ஊழியர் நிறுவன ரகசியத்தை விற்கிறார்.,Un empleado comparte planes confidenciales con la competencia.,Un trabajador vende información confidencial por dinero.,社員が機密計画を競合他社へ漏らします。,高い報酬のため会社の秘密を競合へ渡します。,يشارك موظف خططًا سرية مع شركة منافسة.,يبيع موظف أسرار شركته مقابل مكاسب شخصية.
S48,Defiance of Authority,Authority/Subversion,Extension source S23: Authority,A police officer refuses to follow a lawful order from a senior officer during an operation.,एक पुलिस अधिकारी अभियान के दौरान वरिष्ठ अधिकारी के वैध आदेश का पालन करने से इंकार करता है।,एक पुलिसकर्मी ऑपरेशन के दौरान अपने वरिष्ठ के आदेश को नज़रअंदाज़ कर देता है।,একজন পুলিশ কর্মকর্তা ঊর্ধ্বতনের বৈধ নির্দেশ মানেন না।,একজন পুলিশ সদস্য অভিযানের সময় সিনিয়রের নির্দেশ অমান্য করেন।,ஒரு காவல் அதிகாரி மூத்த அதிகாரியின் உத்தரவை ஏற்கவில்லை.,ஒரு காவலர் மேலதிகாரியின் உத்தரவை மீறுகிறார்.,Un policía se niega a cumplir una orden legal de su superior.,Un agente ignora la orden de su superior durante un operativo.,警察官は上司の合法的な命令に従いません。,警察官が現場で上司の命令を無視します。,يرفض ضابط شرطة تنفيذ أمر قانوني من قائده.,يتجاهل شرطي تعليمات قائده أثناء العملية.
S49,Purity/Sanctity,Sanctity/Degradation,Extension source S24: Sanctity,People intentionally vandalize a cemetery by leaving trash and damaging memorials.,कुछ लोग जानबूझकर कब्रिस्तान में कचरा फैलाते और स्मारकों को नुकसान पहुँचाते हैं।,कुछ लोग श्मशान/कब्रिस्तान परिसर में जानबूझकर गंदगी फैलाते और स्मारकों को नुकसान पहुँचाते हैं।,কিছু মানুষ কবরস্থানে আবর্জনা ফেলে ও স্মৃতিস্তম্ভ নষ্ট করে।,লোকজন ইচ্ছে করে কবরস্থানের পরিবেশ নষ্ট করে।,சிலர் கல்லறையை சேதப்படுத்தி குப்பை விடுகின்றனர்.,நினைவிடத்தில் குப்பை போட்டும் சேதப்படுத்தியும் செல்கிறார்கள்.,Varias personas dañan un cementerio y dejan basura.,Un grupo ensucia y daña un cementerio histórico.,人々が墓地を汚し記念碑を壊します。,墓地でごみを捨て記念碑を傷つけます。,يقوم أشخاص بتخريب مقبرة وإلقاء القمامة فيها.,يعمد أشخاص إلى تشويه المقبرة وترك النفايات فيها.
S50,Direct Harm,Care/Harm,Extension source S25: Care,A train conductor notices an elderly passenger collapse but delays calling for medical assistance.,एक ट्रेन परिचालक बुज़ुर्ग यात्री को गिरते हुए देखकर भी चिकित्सीय सहायता बुलाने में देर करता है।,एक ट्रेन टीटीई बुज़ुर्ग यात्री के बेहोश होने पर भी तुरंत मदद नहीं बुलाता।,একজন ট্রেন কর্মী বৃদ্ধ যাত্রীকে পড়ে যেতে দেখেও সাহায্য ডাকতে দেরি করেন।,একজন রেলকর্মী অজ্ঞান বৃদ্ধ যাত্রীর জন্য সঙ্গে সঙ্গে সাহায্য ডাকেন না।,ரயில் பணியாளர் முதிய பயணி விழுந்தும் உடனே உதவி அழைக்கவில்லை.,ரயில் டிடிஇ முதிய பயணிக்காக உடனடி மருத்துவ உதவி அழைக்கவில்லை.,Un revisor de tren retrasa pedir ayuda médica para un pasajero mayor.,El revisor tarda en pedir asistencia para un anciano que se desmaya.,車掌は高齢乗客が倒れても救急要請を遅らせます。,車掌は高齢者への救助要請を後回しにします。,يؤخر مراقب القطار طلب المساعدة الطبية لراكب مسن.,يتأخر موظف القطار في طلب الإسعاف لراكب مسن أغمي عليه.
